{
"type": "FeatureCollection",
"name": "subway_500m_buffer",
"crs": { "type": "name", "properties": { "name": "urn:ogc:def:crs:OGC:1.3:CRS84" } },
"features": [
{ "type": "Feature", "properties": { "station_id": "ST001", "station_name": "4.19민주묘지", "SWST_NM": "4.19민주묘지", "hoseon": "우이신설선" }, "geometry": { "type": "Polygon", "coordinates": [ [ [ 127.019349796212666, 37.649501206745505 ], [ 127.018918075877565, 37.647777319724909 ], [ 127.017689567428263, 37.64631600972271 ], [ 127.015851321825181, 37.645339727344094 ], [ 127.013683173537771, 37.644997082153992 ], [ 127.011515151031844, 37.645340230267621 ], [ 127.00967726364749, 37.646316939036765 ], [ 127.00844929137503, 37.647778533995876 ], [ 127.008018203603243, 37.649502521144186 ], [ 127.008449681998471, 37.651226447584406 ], [ 127.009678090340813, 37.652687852603833 ], [ 127.011516436311197, 37.653664229937498 ], [ 127.013684826646312, 37.654006914397065 ], [ 127.015853091092112, 37.653663726863812 ], [ 127.017691078583411, 37.652686923077439 ], [ 127.018918950488597, 37.651225233163295 ], [ 127.019349796212666, 37.649501206745505 ] ] ] } },
{ "type": "Feature", "properties": { "station_id": "ST002", "station_name": "가락시장", "SWST_NM": "가락시장", "hoseon": "3호선" }, "geometry": { "type": "Polygon", "coordinates": [ [ [ 127.112773911510928, 37.494373519867658 ], [ 127.114404924456323, 37.496077473327574 ], [ 127.11526259951863, 37.49663689804666 ], [ 127.117301882855188, 37.497307562403748 ], [ 127.119508067951941, 37.497305351187578 ], [ 127.121545226770351, 37.496630601187924 ], [ 127.123103180687835, 37.495386052759095 ], [ 127.123944745616754, 37.493761199282687 ], [ 127.123941840964605, 37.492003425530918 ], [ 127.123094965279719, 37.490380336464568 ], [ 127.121338152715765, 37.48875893687476 ], [ 127.119391374246746, 37.48793230931053 ], [ 127.117195817716265, 37.487762215199808 ], [ 127.115586938428933, 37.488085032755819 ], [ 127.114610146571636, 37.48850229448491 ], [ 127.113754268643206, 37.489063380794342 ], [ 127.112767525811975, 37.490126209054445 ], [ 127.112129679695045, 37.491808904408167 ], [ 127.112348528043611, 37.493558009367192 ], [ 127.112773911510928, 37.494373519867658 ] ] ] } },
{ "type": "Feature", "properties": { "station_id": "ST003", "station_name": "가산디지털단지", "SWST_NM": "가산디지털단지", "hoseon": "1호선, 7호선" }, "geometry": { "type": "Polygon", "coordinates": [ [ [ 126.877248568419219, 37.479024760821588 ], [ 126.876954416941643, 37.482016845703818 ], [ 126.877169198866113, 37.482883242386535 ], [ 126.877591963926704, 37.48369959834028 ], [ 126.878578513623012, 37.48476249950798 ], [ 126.880411026029833, 37.485740938332491 ], [ 126.882019851608447, 37.486063788496978 ], [ 126.883128115472658, 37.486064889989692 ], [ 126.885239767331839, 37.485556703637876 ], [ 126.886161993398559, 37.485066948309019 ], [ 126.887277605482794, 37.484088441028639 ], [ 126.888124148853834, 37.482465268812781 ], [ 126.888282424736843, 37.479901882394458 ], [ 126.887644669909847, 37.478219186015707 ], [ 126.886247496293592, 37.476859065670638 ], [ 126.884303622132393, 37.476028565659888 ], [ 126.882108953581579, 37.475854103586983 ], [ 126.879997553873864, 37.476362235253767 ], [ 126.878290817522853, 37.477475614395956 ], [ 126.877248568419219, 37.479024760821588 ] ] ] } },
{ "type": "Feature", "properties": { "station_id": "ST004", "station_name": "가양", "SWST_NM": "가양", "hoseon": "9호선" }, "geometry": { "type": "Polygon", "coordinates": [ [ [ 126.860115100097133, 37.561397840549958 ], [ 126.859687559687302, 37.559673351697462 ], [ 126.858463613674516, 37.558210369465385 ], [ 126.85662961866224, 37.557231599184981 ], [ 126.85446476242798, 37.556886029169277 ], [ 126.852298572616377, 37.557226260649841 ], [ 126.850460779649538, 37.55820050479295 ], [ 126.849231148911031, 37.559660462205713 ], [ 126.848796901854158, 37.561383888201362 ], [ 126.849224200753483, 37.563108415474765 ], [ 126.850448045586319, 37.564571492058363 ], [ 126.85228213901901, 37.565550357351 ], [ 126.854447235620754, 37.565895967382808 ], [ 126.856613666942835, 37.565555697481315 ], [ 126.858451561089666, 37.564581358986707 ], [ 126.85968109340773, 37.56312130656169 ], [ 126.860115100097133, 37.561397840549958 ] ] ] } },
{ "type": "Feature", "properties": { "station_id": "ST005", "station_name": "가오리", "SWST_NM": "가오리", "hoseon": "우이신설선" }, "geometry": { "type": "Polygon", "coordinates": [ [ [ 127.02245419114179, 37.641536057805247 ], [ 127.022022445255772, 37.639812179819259 ], [ 127.020794007247716, 37.638350900144395 ], [ 127.018955917339071, 37.637374664773155 ], [ 127.016787986298439, 37.637032076121514 ], [ 127.014620209535721, 37.637375281703349 ], [ 127.012782559002147, 37.638352040122683 ], [ 127.011554778644623, 37.639813669350744 ], [ 127.011123808632448, 37.641537670162201 ], [ 127.011555312686085, 37.643261587573491 ], [ 127.012783650656175, 37.64472296224524 ], [ 127.014621840922104, 37.645699292537074 ], [ 127.016790013927391, 37.646041920429823 ], [ 127.018958032522477, 37.645698675422665 ], [ 127.020795783094044, 37.644721822006446 ], [ 127.022023463094257, 37.643260097857798 ], [ 127.02245419114179, 37.641536057805247 ] ] ] } },
{ "type": "Feature", "properties": { "station_id": "ST006", "station_name": "가좌", "SWST_NM": "가좌", "hoseon": "경의중앙선" }, "geometry": { "type": "Polygon", "coordinates": [ [ [ 126.921146648939299, 37.568494915844305 ], [ 126.920717661026927, 37.566770648173524 ], [ 126.919492404468613, 37.565308298640495 ], [ 126.917657435268893, 37.564330476218295 ], [ 126.915492089383392, 37.563986024941642 ], [ 126.913325968931034, 37.564327375794392 ], [ 126.91148879380772, 37.565302569603361 ], [ 126.910260235453521, 37.566763162433141 ], [ 126.909827352194085, 37.568486812835978 ], [ 126.910256098748889, 37.570211119272635 ], [ 126.911481254669738, 37.571673563321106 ], [ 126.91331632290408, 37.572651480642463 ], [ 126.915481909483262, 37.572995971611356 ], [ 126.917648271293174, 37.57265458199273 ], [ 126.919485547053995, 37.571679293668332 ], [ 126.920714006373515, 37.570218605939388 ], [ 126.921146648939299, 37.568494915844305 ] ] ] } },
{ "type": "Feature", "properties": { "station_id": "ST007", "station_name": "강남", "SWST_NM": "강남", "hoseon": "2호선, 신분당선" }, "geometry": { "type": "Polygon", "coordinates": [ [ [ 127.022879635537777, 37.495114125604644 ], [ 127.022257670989646, 37.497991200642694 ], [ 127.022366579474365, 37.498870068165893 ], [ 127.022925976275175, 37.500114729872585 ], [ 127.02354204182457, 37.500848913068495 ], [ 127.024326061380066, 37.501473228677817 ], [ 127.025749611204347, 37.502152596552797 ], [ 127.027913676969007, 37.502495029907848 ], [ 127.030077487349402, 37.502151573900399 ], [ 127.031500531033316, 37.50147153341765 ], [ 127.03228408558148, 37.500846847434325 ], [ 127.033323436273292, 37.499296339092879 ], [ 127.033758241693263, 37.496835519573452 ], [ 127.033327072068715, 37.495111640310483 ], [ 127.032100789195042, 37.493650441426709 ], [ 127.030266105016395, 37.492674356717046 ], [ 127.028102311941609, 37.492331965773786 ], [ 127.025938775776964, 37.492675386069472 ], [ 127.024104823264139, 37.493652343488677 ], [ 127.022879635537777, 37.495114125604644 ] ] ] } },
{ "type": "Feature", "properties": { "station_id": "ST008", "station_name": "강남구청", "SWST_NM": "강남구청", "hoseon": "7호선, 수인분당선" }, "geometry": { "type": "Polygon", "coordinates": [ [ [ 127.036266023361378, 37.515056986373857 ], [ 127.035522227175363, 37.517029258047138 ], [ 127.03552264580091, 37.51791239569706 ], [ 127.036164056605102, 37.519594282128082 ], [ 127.037564745681806, 37.520952619231096 ], [ 127.039511481745222, 37.521780590727779 ], [ 127.041707860459496, 37.521952127043747 ], [ 127.043819447716814, 37.521441109052631 ], [ 127.045524726636486, 37.520325346983107 ], [ 127.046564073053077, 37.518774727266262 ], [ 127.046883817436324, 37.517618468714893 ], [ 127.04688326492807, 37.516735331147174 ], [ 127.046241638143286, 37.51505350224771 ], [ 127.044840902254492, 37.513695266711636 ], [ 127.042894317504775, 37.512867381825529 ], [ 127.04069820236235, 37.512695867152281 ], [ 127.038586840120786, 37.513206829972852 ], [ 127.0368816196995, 37.514322493191379 ], [ 127.036266023361378, 37.515056986373857 ] ] ] } },
{ "type": "Feature", "properties": { "station_id": "ST009", "station_name": "강동", "SWST_NM": "강동", "hoseon": "3호선" }, "geometry": { "type": "Polygon", "coordinates": [ [ [ 127.138138167280971, 37.535797518117072 ], [ 127.137704371146569, 37.534074035681726 ], [ 127.136475416545352, 37.532613934528833 ], [ 127.134638421994651, 37.531639481253734 ], [ 127.132473031380869, 37.531299007100259 ], [ 127.13030885353254, 37.53164433783919 ], [ 127.12847531287089, 37.532622908643233 ], [ 127.127251528002844, 37.534085761542457 ], [ 127.12682383094463, 37.535810210882779 ], [ 127.127257386963706, 37.537533733226169 ], [ 127.128486243145332, 37.538993929274071 ], [ 127.130323338625018, 37.539968476842937 ], [ 127.13248897039351, 37.540308989452932 ], [ 127.134653388357165, 37.539963618805963 ], [ 127.136487027438392, 37.538984953106912 ], [ 127.13771071137748, 37.537522005913928 ], [ 127.138138167280971, 37.535797518117072 ] ] ] } },
{ "type": "Feature", "properties": { "station_id": "ST010", "station_name": "강동구청", "SWST_NM": "강동구청", "hoseon": "8호선" }, "geometry": { "type": "Polygon", "coordinates": [ [ [ 127.126164757353934, 37.530335092409395 ], [ 127.125731268610579, 37.52861156382771 ], [ 127.12450263697194, 37.527151336135262 ], [ 127.122665931806097, 37.526176695201819 ], [ 127.120500752973669, 37.525836000838609 ], [ 127.118336677085551, 37.526181112328779 ], [ 127.11650311304426, 37.527159498207766 ], [ 127.11527918299717, 37.528622228648921 ], [ 127.114851241032383, 37.530346636643181 ], [ 127.115284489677876, 37.532070205059618 ], [ 127.116513022810011, 37.533530527601371 ], [ 127.118349828764451, 37.534505262837278 ], [ 127.120515248640018, 37.534845995714988 ], [ 127.122679564625997, 37.534500844390081 ], [ 127.124513227173807, 37.53352236366176 ], [ 127.125737056432271, 37.532059538918162 ], [ 127.126164757353934, 37.530335092409395 ] ] ] } },
{ "type": "Feature", "properties": { "station_id": "ST011", "station_name": "강변(동서울터미널)", "SWST_NM": "강변(동서울터미널)", "hoseon": "2호선" }, "geometry": { "type": "Polygon", "coordinates": [ [ [ 127.100338121394842, 37.535090328965403 ], [ 127.099905198937165, 37.533366706115551 ], [ 127.09867699190994, 37.53190621028449 ], [ 127.096840505096011, 37.530931168172721 ], [ 127.094675305161772, 37.530590000650889 ], [ 127.092510971940214, 37.530934639004116 ], [ 127.090676953476105, 37.531912623769507 ], [ 127.089452441040521, 37.533375086177223 ], [ 127.08902387733707, 37.535099400040188 ], [ 127.089456559538291, 37.536823062590265 ], [ 127.09068466779091, 37.538283653228767 ], [ 127.092521255172798, 37.539258789718318 ], [ 127.09468669610628, 37.539599995902996 ], [ 127.096851269584292, 37.539255317849559 ], [ 127.098685386823021, 37.538277238276706 ], [ 127.099909798690618, 37.536814681491229 ], [ 127.100338121394842, 37.535090328965403 ] ] ] } },
{ "type": "Feature", "properties": { "station_id": "ST012", "station_name": "강일", "SWST_NM": "강일", "hoseon": "5호선" }, "geometry": { "type": "Polygon", "coordinates": [ [ [ 127.181588794470159, 37.557481432512901 ], [ 127.181153871018566, 37.55575811883655 ], [ 127.179923713144149, 37.55429847822117 ], [ 127.17808562248517, 37.553324707112132 ], [ 127.175919409688106, 37.552985032905198 ], [ 127.173754808658941, 37.553331159631561 ], [ 127.171921308225834, 37.554310401340331 ], [ 127.170698020937806, 37.55577369795968 ], [ 127.170271203171495, 37.5574982962777 ], [ 127.170705886422738, 37.559221650130759 ], [ 127.171935946184377, 37.560681385813218 ], [ 127.173774138291293, 37.561655251190665 ], [ 127.175940592670159, 37.561994963646207 ], [ 127.178105433899702, 37.561648796743128 ], [ 127.179939032445589, 37.560669459967293 ], [ 127.181162218285706, 37.559206069079536 ], [ 127.181588794470159, 37.557481432512901 ] ] ] } },
{ "type": "Feature", "properties": { "station_id": "ST013", "station_name": "개롱", "SWST_NM": "개롱", "hoseon": "5호선" }, "geometry": { "type": "Polygon", "coordinates": [ [ [ 127.140474319610064, 37.498072411747792 ], [ 127.140040690844828, 37.496348926528213 ], [ 127.138812311571598, 37.494888839192001 ], [ 127.136976212674639, 37.493914414257944 ], [ 127.134811901721065, 37.493573978684367 ], [ 127.132648823266265, 37.493919352382889 ], [ 127.13081623445774, 37.494897963977117 ], [ 127.129593109036023, 37.496360849260263 ], [ 127.129165678586872, 37.498085317618973 ], [ 127.129599067693519, 37.499808842705484 ], [ 127.130827348753101, 37.501269024812522 ], [ 127.132663548413632, 37.50224354390587 ], [ 127.134828100082018, 37.50258401786995 ], [ 127.136991418195421, 37.502238604304495 ], [ 127.138824105217566, 37.501259897939427 ], [ 127.140047129875725, 37.499796918496983 ], [ 127.140474319610064, 37.498072411747792 ] ] ] } },
{ "type": "Feature", "properties": { "station_id": "ST014", "station_name": "개봉", "SWST_NM": "개봉", "hoseon": "1호선" }, "geometry": { "type": "Polygon", "coordinates": [ [ [ 126.865334057397831, 37.494600580355403 ], [ 126.864906773093978, 37.492876091359669 ], [ 126.863683811741936, 37.491413148587249 ], [ 126.86185137995686, 37.490434451409051 ], [ 126.859688427588864, 37.490088977061149 ], [ 126.857524192603535, 37.49042931223746 ], [ 126.855688107995121, 37.491403652303319 ], [ 126.854459679147979, 37.492863683215539 ], [ 126.854025944478551, 37.494587149045408 ], [ 126.854452988087729, 37.496311676396566 ], [ 126.855675848641567, 37.497774713303762 ], [ 126.857508378571211, 37.498753505253219 ], [ 126.859671570534758, 37.499099019493137 ], [ 126.861836046214819, 37.498758645961395 ], [ 126.863672231621365, 37.497784211760759 ], [ 126.864900562323953, 37.496324086077294 ], [ 126.865334057397831, 37.494600580355403 ] ] ] } },
{ "type": "Feature", "properties": { "station_id": "ST015", "station_name": "개포동", "SWST_NM": "개포동", "hoseon": "수인분당선" }, "geometry": { "type": "Polygon", "coordinates": [ [ [ 127.071793656328623, 37.489112699683119 ], [ 127.071361657403401, 37.487388957737444 ], [ 127.070134760656956, 37.485928152279421 ], [ 127.068299771403801, 37.484952657195528 ], [ 127.066136028427977, 37.484610962337392 ], [ 127.063972889896363, 37.484955079252408 ], [ 127.06213962206688, 37.485932627813945 ], [ 127.060915301923458, 37.487394805612055 ], [ 127.060486342787158, 37.489119029768929 ], [ 127.060918101889015, 37.49084281119314 ], [ 127.062144899815351, 37.492303711236595 ], [ 127.063979989139114, 37.493279300605906 ], [ 127.066143972456302, 37.493621034218364 ], [ 127.068307350811295, 37.49327687782479 ], [ 127.070140717460902, 37.492299234677859 ], [ 127.071364937533687, 37.490836962594308 ], [ 127.071793656328623, 37.489112699683119 ] ] ] } },
{ "type": "Feature", "properties": { "station_id": "ST016", "station_name": "개화", "SWST_NM": "개화", "hoseon": "9호선" }, "geometry": { "type": "Polygon", "coordinates": [ [ [ 126.803813386362748, 37.5786175429092 ], [ 126.803387048070022, 37.576892858393073 ], [ 126.802163925268502, 37.57542929894872 ], [ 126.800330249369338, 37.574449657797999 ], [ 126.798165159665729, 37.57410305579581 ], [ 126.795998219350167, 37.574442251212233 ], [ 126.794159273010223, 37.575415612883148 ], [ 126.792928261486054, 37.576874975748829 ], [ 126.792492616345172, 37.578598185677066 ], [ 126.792918712703568, 37.580322908329201 ], [ 126.794141733706297, 37.581786562054738 ], [ 126.795975507574639, 37.5827662984032 ], [ 126.79814083762632, 37.583112940754134 ], [ 126.800308019876269, 37.582773707201717 ], [ 126.802147068014989, 37.581800251249604 ], [ 126.803377981570009, 37.580340793186181 ], [ 126.803813386362748, 37.5786175429092 ] ] ] } },
{ "type": "Feature", "properties": { "station_id": "ST017", "station_name": "개화산", "SWST_NM": "개화산", "hoseon": "5호선" }, "geometry": { "type": "Polygon", "coordinates": [ [ [ 126.811830919094618, 37.572408157176412 ], [ 126.81140443055493, 37.570683499389276 ], [ 126.810181251518188, 37.569220021317179 ], [ 126.808347621933649, 37.568240503794414 ], [ 126.80618267403355, 37.567894048863153 ], [ 126.80401594943109, 37.568233392414697 ], [ 126.802177259896382, 37.569206880740346 ], [ 126.800946507196443, 37.570666329497747 ], [ 126.800511083505143, 37.572389571469905 ], [ 126.80093733021566, 37.574114267428349 ], [ 126.802160407560592, 37.575577839778802 ], [ 126.803994135160366, 37.576557452460008 ], [ 126.806159323366714, 37.576903947687249 ], [ 126.808326289798302, 37.576564565964397 ], [ 126.81016508102482, 37.575590983360378 ], [ 126.811395735709567, 37.574131439444557 ], [ 126.811830919094618, 37.572408157176412 ] ] ] } },
{ "type": "Feature", "properties": { "station_id": "ST018", "station_name": "거여", "SWST_NM": "거여", "hoseon": "5호선" }, "geometry": { "type": "Polygon", "coordinates": [ [ [ 127.149803942308566, 37.493097965982912 ], [ 127.149370128411547, 37.491374513949033 ], [ 127.148141649638077, 37.489914522597012 ], [ 127.146305551996051, 37.488940241832061 ], [ 127.144141342847789, 37.48859997667239 ], [ 127.141978451254715, 37.488945521098266 ], [ 127.14014610593712, 37.489924277751115 ], [ 127.138923243590668, 37.491387260341135 ], [ 127.138496055763966, 37.493111763432545 ], [ 127.138929630098232, 37.494835255377254 ], [ 127.140158010770648, 37.49629534150403 ], [ 127.141994209239613, 37.497269716389887 ], [ 127.144158659079721, 37.497610019881883 ], [ 127.146321790235518, 37.497264435545169 ], [ 127.148154233654168, 37.49628558411758 ], [ 127.149376995173711, 37.494822507406653 ], [ 127.149803942308566, 37.493097965982912 ] ] ] } },
{ "type": "Feature", "properties": { "station_id": "ST019", "station_name": "건대입구", "SWST_NM": "건대입구", "hoseon": "2호선, 7호선" }, "geometry": { "type": "Polygon", "coordinates": [ [ [ 127.06652759157349, 37.544347583561681 ], [ 127.069911391401874, 37.545205090743501 ], [ 127.07101527297263, 37.545290994248759 ], [ 127.072118990281311, 37.545203763098527 ], [ 127.073681862941356, 37.544757416314553 ], [ 127.074603584853776, 37.5442661948588 ], [ 127.075717616112769, 37.543285918428616 ], [ 127.076239654639778, 37.542506728056729 ], [ 127.076641764207224, 37.541224046806761 ], [ 127.076640860243486, 37.540340913273667 ], [ 127.076236143916162, 37.539058753817557 ], [ 127.075008304473315, 37.537598012808395 ], [ 127.073171985438861, 37.536622603379122 ], [ 127.069741358731406, 37.535889368455543 ], [ 127.067544818610543, 37.536062936284992 ], [ 127.065598853533231, 37.536892637749155 ], [ 127.064199687796219, 37.538252176821928 ], [ 127.063560342854473, 37.539934597755639 ], [ 127.063778200209924, 37.54168377947758 ], [ 127.064820148418534, 37.543233420515243 ], [ 127.06652759157349, 37.544347583561681 ] ] ] } },
{ "type": "Feature", "properties": { "station_id": "ST020", "station_name": "경복궁(정부서울청사)", "SWST_NM": "경복궁(정부서울청사)", "hoseon": "3호선" }, "geometry": { "type": "Polygon", "coordinates": [ [ [ 126.979190204367498, 37.575763133468932 ], [ 126.978759836612412, 37.574039078188221 ], [ 126.977533325859255, 37.572577332236079 ], [ 126.975697418940982, 37.57160041266178 ], [ 126.973531594445163, 37.571257026072693 ], [ 126.971365527286494, 37.571599441430322 ], [ 126.969528929277786, 37.572575537571439 ], [ 126.968301384110035, 37.574036733222876 ], [ 126.967869795987582, 37.575760595139698 ], [ 126.968299922525489, 37.577484689514918 ], [ 126.969526333155187, 37.578946530139717 ], [ 126.97136233969475, 37.579923544506848 ], [ 126.973528405199758, 37.580266970480622 ], [ 126.975694713575621, 37.579924516028491 ], [ 126.977531411707787, 37.578948325214725 ], [ 126.978758857254263, 37.577487034770428 ], [ 126.979190204367498, 37.575763133468932 ] ] ] } },
{ "type": "Feature", "properties": { "station_id": "ST021", "station_name": "경찰병원", "SWST_NM": "경찰병원", "hoseon": "3호선" }, "geometry": { "type": "Polygon", "coordinates": [ [ [ 127.130194159051044, 37.495911904083307 ], [ 127.129760779058543, 37.494188380023857 ], [ 127.128532635101763, 37.492728184818631 ], [ 127.12669672225897, 37.491753599415084 ], [ 127.124532519795594, 37.491412975198088 ], [ 127.12236945576457, 37.491758160786958 ], [ 127.12053678511424, 37.492736613430431 ], [ 127.119313494026031, 37.494199393113909 ], [ 127.118885839283493, 37.495923825304139 ], [ 127.119318979602326, 37.49764738917122 ], [ 127.120547025258645, 37.499107679116776 ], [ 127.122383038757206, 37.500082358695735 ], [ 127.124547481869826, 37.500423021356553 ], [ 127.126710785574517, 37.500077795960053 ], [ 127.128543554525322, 37.499099248576258 ], [ 127.129766744957763, 37.497636374717345 ], [ 127.130194159051044, 37.495911904083307 ] ] ] } },
{ "type": "Feature", "properties": { "station_id": "ST022", "station_name": "고덕", "SWST_NM": "고덕", "hoseon": "5호선" }, "geometry": { "type": "Polygon", "coordinates": [ [ [ 127.159809612843716, 37.554996476748322 ], [ 127.159375205275822, 37.553273080903473 ], [ 127.158145512346564, 37.551813211678663 ], [ 127.156307764952672, 37.550839100335459 ], [ 127.154141721528973, 37.550499026058176 ], [ 127.151977090220598, 37.550844753759954 ], [ 127.150143364453129, 37.551823658211177 ], [ 127.148919691038401, 37.553286730671957 ], [ 127.148492385090137, 37.555011252065512 ], [ 127.148926552400624, 37.556734687964415 ], [ 127.150156147022344, 37.558194652198857 ], [ 127.151993995645796, 37.559168857851944 ], [ 127.154160280537198, 37.559508970493901 ], [ 127.15632515210298, 37.559163202738084 ], [ 127.158158976177972, 37.558184203277222 ], [ 127.159382548363155, 37.556721036506552 ], [ 127.159809612843716, 37.554996476748322 ] ] ] } },
{ "type": "Feature", "properties": { "station_id": "ST023", "station_name": "고려대(종암)", "SWST_NM": "고려대(종암)", "hoseon": "6호선" }, "geometry": { "type": "Polygon", "coordinates": [ [ [ 127.041957319960147, 37.590506123360278 ], [ 127.041525419845541, 37.588782301867504 ], [ 127.040297440349008, 37.587321212303841 ], [ 127.03846035179302, 37.58634527174754 ], [ 127.036293812513946, 37.586003037779292 ], [ 127.034127606154257, 37.586346603954546 ], [ 127.032291465734161, 37.587323673987633 ], [ 127.031064905394274, 37.588785518381044 ], [ 127.030634679552662, 37.590509605104813 ], [ 127.031066338521072, 37.59223346605711 ], [ 127.032294218416936, 37.593694650486512 ], [ 127.034131407262564, 37.594670685743708 ], [ 127.036298187973202, 37.59501295877353 ], [ 127.038464635479144, 37.594669353138762 ], [ 127.040300875499895, 37.593692188239906 ], [ 127.041527335550171, 37.592230249145608 ], [ 127.041957319960147, 37.590506123360278 ] ] ] } },
{ "type": "Feature", "properties": { "station_id": "ST024", "station_name": "고속터미널", "SWST_NM": "고속터미널", "hoseon": "3호선, 7호선, 9호선" }, "geometry": { "type": "Polygon", "coordinates": [ [ [ 126.999420940607536, 37.503849608533208 ], [ 126.998991584995494, 37.504672337573581 ], [ 126.998748067928787, 37.505980075423835 ], [ 126.998991549814207, 37.507287817643238 ], [ 126.999701085844549, 37.508482939524534 ], [ 127.000815586960101, 37.509462510448081 ], [ 127.002239075500754, 37.510142160734027 ], [ 127.003848949917071, 37.5104633507692 ], [ 127.004957576755828, 37.510463309442429 ], [ 127.007069091158002, 37.50995294746734 ], [ 127.007990822100055, 37.509462242979716 ], [ 127.009105208120218, 37.50848258897858 ], [ 127.009627697349686, 37.507703688288771 ], [ 127.010462316159234, 37.505769526056277 ], [ 127.010695442834489, 37.502925054548449 ], [ 127.010054746189368, 37.50124302490272 ], [ 127.008654923891143, 37.499884356857542 ], [ 127.006709097168311, 37.499055873565048 ], [ 127.004513469174526, 37.498883685673441 ], [ 127.002402249092739, 37.499394002911615 ], [ 127.000696804187186, 37.500509146422985 ], [ 126.999656761991233, 37.502059367455452 ], [ 126.999420940607536, 37.503849608533208 ] ] ] } },
{ "type": "Feature", "properties": { "station_id": "ST025", "station_name": "공덕", "SWST_NM": "공덕", "hoseon": "5호선, 6호선, 경의중앙선, 공항철도" }, "geometry": { "type": "Polygon", "coordinates": [ [ [ 126.946798201740393, 37.540803773041496 ], [ 126.945741731236183, 37.543986980335731 ], [ 126.945741091186392, 37.544870113717309 ], [ 126.946143603837925, 37.546152718293911 ], [ 126.946665900836038, 37.546931809445198 ], [ 126.94778027966403, 37.547911874381207 ], [ 126.948702193537457, 37.548402920964797 ], [ 126.95026527611499, 37.548848971373111 ], [ 126.951369073503258, 37.54893599330331 ], [ 126.953534575725001, 37.548593943136297 ], [ 126.954959196287433, 37.547914830941458 ], [ 126.955743874839627, 37.547290658144199 ], [ 126.956785454152396, 37.545740836468511 ], [ 126.957647486637157, 37.543477001748663 ], [ 126.957756694831247, 37.542598159473222 ], [ 126.957327011016943, 37.540874016733333 ], [ 126.956804645223173, 37.540094971890618 ], [ 126.956026461661082, 37.539346042956254 ], [ 126.954191650473433, 37.538368784105472 ], [ 126.952026886417826, 37.538025001753553 ], [ 126.94986168307058, 37.538367025098083 ], [ 126.9480256208046, 37.539342792620481 ], [ 126.946798201740393, 37.540803773041496 ] ] ] } },
{ "type": "Feature", "properties": { "station_id": "ST026", "station_name": "공릉(서울과학기술대)", "SWST_NM": "공릉(서울과학기술대)", "hoseon": "7호선" }, "geometry": { "type": "Polygon", "coordinates": [ [ [ 127.078559987436549, 37.62573836496518 ], [ 127.07812703775933, 37.624014688805687 ], [ 127.076897762554069, 37.622553990118867 ], [ 127.075059329365274, 37.621578626431344 ], [ 127.072891601124311, 37.621237067492579 ], [ 127.070724542359983, 37.62158130412363 ], [ 127.068888015803637, 37.622558938022394 ], [ 127.067661594419363, 37.624021153892087 ], [ 127.067232011583712, 37.625745363157009 ], [ 127.067664719838945, 37.627469079026852 ], [ 127.068893895617876, 37.628929872783324 ], [ 127.070732429618587, 37.629905331209315 ], [ 127.072900399855442, 37.630246929058821 ], [ 127.075067700041785, 37.629902652717405 ], [ 127.076904326024462, 37.628924923748976 ], [ 127.078130646596819, 37.627462613140835 ], [ 127.078559987436549, 37.62573836496518 ] ] ] } },
{ "type": "Feature", "properties": { "station_id": "ST027", "station_name": "공항시장", "SWST_NM": "공항시장", "hoseon": "9호선" }, "geometry": { "type": "Polygon", "coordinates": [ [ [ 126.81633726434309, 37.56373493936502 ], [ 126.815910720446439, 37.562010295173543 ], [ 126.814687594147316, 37.560546861778519 ], [ 126.812854117347598, 37.559567413216747 ], [ 126.810689399019211, 37.559221041040388 ], [ 126.808522945843634, 37.559560468550075 ], [ 126.806684528294909, 37.560534029257987 ], [ 126.80545400675129, 37.561993527797995 ], [ 126.805018738195358, 37.563716789365536 ], [ 126.805445040383916, 37.565441471740876 ], [ 126.806668065077233, 37.5669049993949 ], [ 126.808501639892853, 37.567884543075188 ], [ 126.810666598442367, 37.568230955510444 ], [ 126.812833293326051, 37.567891489816908 ], [ 126.814671812480583, 37.566917834849974 ], [ 126.815902236008313, 37.565458241191465 ], [ 126.81633726434309, 37.56373493936502 ] ] ] } },
{ "type": "Feature", "properties": { "station_id": "ST028", "station_name": "관악산(서울대)", "SWST_NM": "관악산(서울대)", "hoseon": "신림선" }, "geometry": { "type": "Polygon", "coordinates": [ [ [ 126.950716050659267, 37.469104292529806 ], [ 126.950286947938807, 37.467380103080082 ], [ 126.949062735401341, 37.465918036474314 ], [ 126.947229809941632, 37.464940658671637 ], [ 126.945067196419146, 37.464596746105833 ], [ 126.942904081205768, 37.464938647812687 ], [ 126.941069726958162, 37.465914320761101 ], [ 126.93984337583089, 37.467375248011926 ], [ 126.939411750074598, 37.469099037116457 ], [ 126.939840612734869, 37.47082326535358 ], [ 126.941064725406235, 37.4722854262018 ], [ 126.942897749694168, 37.473262898496031 ], [ 126.945060602846965, 37.473606850450629 ], [ 126.947223958120517, 37.473264909956363 ], [ 126.949058412234223, 37.472289142765497 ], [ 126.950284664533285, 37.470828121023125 ], [ 126.950716050659267, 37.469104292529806 ] ] ] } },
{ "type": "Feature", "properties": { "station_id": "ST029", "station_name": "광나루(장신대)", "SWST_NM": "광나루(장신대)", "hoseon": "5호선" }, "geometry": { "type": "Polygon", "coordinates": [ [ [ 127.10922789110306, 37.545297901961568 ], [ 127.108794704504106, 37.543574315094972 ], [ 127.107566156412176, 37.542113914769693 ], [ 127.105729303526758, 37.541139013134419 ], [ 127.103563768216034, 37.540798009670354 ], [ 127.101399181337186, 37.541142810693728 ], [ 127.099565029533352, 37.542120931990304 ], [ 127.098340524382792, 37.543583484016537 ], [ 127.097912107509259, 37.545307826944942 ], [ 127.098345053765655, 37.547031453574967 ], [ 127.099573503117313, 37.548491948762774 ], [ 127.10141045670548, 37.549466944790488 ], [ 127.103576233171651, 37.549807986883081 ], [ 127.105741060393072, 37.549463146096279 ], [ 127.107575310937165, 37.548484929937167 ], [ 127.108799715384976, 37.547022283518508 ], [ 127.10922789110306, 37.545297901961568 ] ] ] } },
{ "type": "Feature", "properties": { "station_id": "ST030", "station_name": "광운대", "SWST_NM": "광운대", "hoseon": "1호선" }, "geometry": { "type": "Polygon", "coordinates": [ [ [ 127.067498828704046, 37.623628896057227 ], [ 127.067066146673014, 37.62190517842933 ], [ 127.06583712250459, 37.620444363745754 ], [ 127.0639988855458, 37.619468827199519 ], [ 127.061831268878748, 37.6191270648524 ], [ 127.059664220061009, 37.619471098480012 ], [ 127.057827600305615, 37.620448560671896 ], [ 127.056600996744876, 37.62191066226508 ], [ 127.056171170464935, 37.62363483208533 ], [ 127.056603611055436, 37.625358589359948 ], [ 127.057832535702701, 37.626819499080931 ], [ 127.059670873357902, 37.627795130383603 ], [ 127.061838731952292, 37.628136931699174 ], [ 127.064006022210606, 37.627792858424833 ], [ 127.065842741487145, 37.626815301195556 ], [ 127.067069244351501, 37.625353104845935 ], [ 127.067498828704046, 37.623628896057227 ] ] ] } },
{ "type": "Feature", "properties": { "station_id": "ST031", "station_name": "광화문(세종문화회관)", "SWST_NM": "광화문(세종문화회관)", "hoseon": "5호선" }, "geometry": { "type": "Polygon", "coordinates": [ [ [ 126.982829883829311, 37.571525958857038 ], [ 126.982399456507821, 37.569801915588677 ], [ 126.98117294405229, 37.568340206397288 ], [ 126.979337093542824, 37.567363342737018 ], [ 126.977171374976308, 37.567020022707759 ], [ 126.97500544714849, 37.567362505143528 ], [ 126.973169000674332, 37.568338658672097 ], [ 126.97194159618715, 37.569799893282209 ], [ 126.971510116476878, 37.571523769792854 ], [ 126.971940302645962, 37.573247852169672 ], [ 126.973166715033514, 37.574709656027458 ], [ 126.975002665177925, 37.575686614457766 ], [ 126.977168624717493, 37.576029973845721 ], [ 126.979334793697731, 37.575687452301494 ], [ 126.981171340239854, 37.574711204106549 ], [ 126.98239864509209, 37.5732498747264 ], [ 126.982829883829311, 37.571525958857038 ] ] ] } },
{ "type": "Feature", "properties": { "station_id": "ST032", "station_name": "광흥창(서강)", "SWST_NM": "광흥창(서강)", "hoseon": "6호선" }, "geometry": { "type": "Polygon", "coordinates": [ [ [ 126.937651060249976, 37.547459123114301 ], [ 126.937221811803013, 37.545734909004217 ], [ 126.935996576217491, 37.544272725536302 ], [ 126.934161906248605, 37.543295156409187 ], [ 126.931997092285144, 37.542951007119434 ], [ 126.929831655505865, 37.54329266270225 ], [ 126.927995211791924, 37.544268117605185 ], [ 126.926767321289461, 37.545728888136225 ], [ 126.926334940661306, 37.547452605770445 ], [ 126.926763948065869, 37.549176858707149 ], [ 126.927989083274511, 37.550639136656052 ], [ 126.929823852331538, 37.551616800572837 ], [ 126.93198890680361, 37.551960989434448 ], [ 126.934154584625318, 37.551619295025006 ], [ 126.935991128716125, 37.550643745641096 ], [ 126.937218920130462, 37.54918288032038 ], [ 126.937651060249976, 37.547459123114301 ] ] ] } },
{ "type": "Feature", "properties": { "station_id": "ST033", "station_name": "교대(법원.검찰청)", "SWST_NM": "교대(법원.검찰청)", "hoseon": "2호선, 3호선" }, "geometry": { "type": "Polygon", "coordinates": [ [ [ 127.008562623416552, 37.494749496420503 ], [ 127.010669453309362, 37.497146968758017 ], [ 127.011526367347614, 37.497707146862886 ], [ 127.012503991991537, 37.498123357097384 ], [ 127.014113652281125, 37.498444407931188 ], [ 127.015222101378242, 37.498444270303359 ], [ 127.016831635977894, 37.498122819770103 ], [ 127.018665792578318, 37.497145975941493 ], [ 127.019891095630058, 37.49568423799645 ], [ 127.02029391925997, 37.494401738062784 ], [ 127.020293680303936, 37.493518596774365 ], [ 127.01965284884578, 37.491836616533384 ], [ 127.017783194649695, 37.489838923640491 ], [ 127.015948789930007, 37.488862615877316 ], [ 127.013785172061873, 37.488519962446951 ], [ 127.011621680199866, 37.488863120767412 ], [ 127.009787634338664, 37.489839856588475 ], [ 127.008562229798997, 37.491301491209832 ], [ 127.008132044888342, 37.49302552447606 ], [ 127.008562623416552, 37.494749496420503 ] ] ] } },
{ "type": "Feature", "properties": { "station_id": "ST034", "station_name": "구로", "SWST_NM": "구로", "hoseon": "1호선" }, "geometry": { "type": "Polygon", "coordinates": [ [ [ 126.887620698994922, 37.503044514794404 ], [ 126.887192854385873, 37.501320107928443 ], [ 126.88596932042023, 37.499857396981092 ], [ 126.884136390851793, 37.49887904601264 ], [ 126.881973091259027, 37.498533979556484 ], [ 126.879808712428556, 37.498874722232507 ], [ 126.877972709250713, 37.499849407396994 ], [ 126.87674457474931, 37.501309668485867 ], [ 126.876311302583986, 37.503033214523604 ], [ 126.876738906484363, 37.504757659879097 ], [ 126.877962339820343, 37.506220465041103 ], [ 126.879795367785576, 37.507198910759662 ], [ 126.881958907162115, 37.507544016998033 ], [ 126.884123526701245, 37.507203235832471 ], [ 126.885959630508751, 37.506228456453343 ], [ 126.887187666613357, 37.504768100614363 ], [ 126.887620698994922, 37.503044514794404 ] ] ] } },
{ "type": "Feature", "properties": { "station_id": "ST035", "station_name": "구로디지털단지", "SWST_NM": "구로디지털단지", "hoseon": "2호선" }, "geometry": { "type": "Polygon", "coordinates": [ [ [ 126.907054362680327, 37.48527058265929 ], [ 126.906626171594823, 37.48354624048703 ], [ 126.905402547336806, 37.482083726263838 ], [ 126.903569797347387, 37.481105674104086 ], [ 126.901406919844689, 37.480760963072967 ], [ 126.899243141384943, 37.48110206370864 ], [ 126.89740782551965, 37.482077054888912 ], [ 126.896180360694345, 37.483537523458068 ], [ 126.895747638637687, 37.485261146830879 ], [ 126.896175589301251, 37.486985527574134 ], [ 126.897399113201175, 37.488448135995583 ], [ 126.899231961684762, 37.489426282800736 ], [ 126.901395078837339, 37.489771033482455 ], [ 126.903559097719025, 37.48942989427578 ], [ 126.905394513942426, 37.488454808897266 ], [ 126.906621880273562, 37.486994245682695 ], [ 126.907054362680327, 37.48527058265929 ] ] ] } },
{ "type": "Feature", "properties": { "station_id": "ST036", "station_name": "구룡", "SWST_NM": "구룡", "hoseon": "수인분당선" }, "geometry": { "type": "Polygon", "coordinates": [ [ [ 127.064509485563917, 37.486836048405095 ], [ 127.064077667151594, 37.485112278987991 ], [ 127.062850949413232, 37.483651397158873 ], [ 127.061016110423495, 37.482675788436289 ], [ 127.058852466107538, 37.48233395997039 ], [ 127.056689359624144, 37.482677943641242 ], [ 127.054856052351852, 37.483655379598019 ], [ 127.053631627266867, 37.485117482568633 ], [ 127.053202513649325, 37.486841681068945 ], [ 127.053634092236592, 37.488565489921491 ], [ 127.054860711097064, 37.490026466311782 ], [ 127.056695650077387, 37.491002169328574 ], [ 127.058859534679286, 37.491344036585481 ], [ 127.061022880987721, 37.491000013479187 ], [ 127.062856287137919, 37.490022482961244 ], [ 127.064080612232303, 37.488560285696408 ], [ 127.064509485563917, 37.486836048405095 ] ] ] } },
{ "type": "Feature", "properties": { "station_id": "ST037", "station_name": "구반포", "SWST_NM": "구반포", "hoseon": "9호선" }, "geometry": { "type": "Polygon", "coordinates": [ [ [ 126.992986583862077, 37.501364471044539 ], [ 126.992556325433, 37.499640444283365 ], [ 126.99133076286958, 37.49817882331299 ], [ 126.98949649854363, 37.497202106203808 ], [ 126.987332761023964, 37.496858968801796 ], [ 126.985168907682009, 37.497201642171298 ], [ 126.983334313500606, 37.498177965862638 ], [ 126.982108257214165, 37.499639323911708 ], [ 126.981677416307363, 37.501363258287903 ], [ 126.98210743445847, 37.503087324113629 ], [ 126.983332897396238, 37.504549039532968 ], [ 126.985167261108217, 37.505525851148569 ], [ 126.987331238806604, 37.505869027753889 ], [ 126.989495332426515, 37.50552631531982 ], [ 126.991330026233555, 37.504549897179523 ], [ 126.992555983133997, 37.503088444624041 ], [ 126.992986583862077, 37.501364471044539 ] ] ] } },
{ "type": "Feature", "properties": { "station_id": "ST038", "station_name": "구산", "SWST_NM": "구산", "hoseon": "6호선" }, "geometry": { "type": "Polygon", "coordinates": [ [ [ 126.922932897548208, 37.611380833988591 ], [ 126.92250362395292, 37.609656585047382 ], [ 126.921277630747326, 37.608194263868221 ], [ 126.91944158612641, 37.607216475074779 ], [ 126.917274989719516, 37.606872057551008 ], [ 126.915107633913919, 37.607213437131101 ], [ 126.913269426567382, 37.608188650283608 ], [ 126.912040196224055, 37.60964925016107 ], [ 126.911607103563128, 37.611372894273842 ], [ 126.912036135295793, 37.613097182051447 ], [ 126.913262027667585, 37.614559597897262 ], [ 126.915098171550667, 37.615537481733213 ], [ 126.917265009169199, 37.615881939000687 ], [ 126.919432606837432, 37.615540520584204 ], [ 126.921270915017743, 37.614565212765022 ], [ 126.922500046098918, 37.613104517845073 ], [ 126.922932897548208, 37.611380833988591 ] ] ] } },
{ "type": "Feature", "properties": { "station_id": "ST039", "station_name": "구의(광진구청)", "SWST_NM": "구의(광진구청)", "hoseon": "2호선" }, "geometry": { "type": "Polygon", "coordinates": [ [ [ 127.091573272545446, 37.537072748644292 ], [ 127.091140540186814, 37.535349093988295 ], [ 127.089912471293644, 37.533888507312163 ], [ 127.088076049639284, 37.532913329149515 ], [ 127.085910831985956, 37.532572001077725 ], [ 127.083746400866517, 37.532916478813135 ], [ 127.081912219217202, 37.533894327335702 ], [ 127.080687503132452, 37.535356698614478 ], [ 127.080258726303768, 37.537080980341798 ], [ 127.080691218347795, 37.538804674652866 ], [ 127.081919188373533, 37.540265356123498 ], [ 127.08375571052278, 37.541240628690723 ], [ 127.085921169164806, 37.54158199547625 ], [ 127.088085840598836, 37.541237478085748 ], [ 127.089920121115597, 37.540259534768694 ], [ 127.091144736705417, 37.538797069085341 ], [ 127.091573272545446, 37.537072748644292 ] ] ] } },
{ "type": "Feature", "properties": { "station_id": "ST040", "station_name": "구일", "SWST_NM": "구일", "hoseon": "1호선" }, "geometry": { "type": "Polygon", "coordinates": [ [ [ 126.876447222904687, 37.496762048784113 ], [ 126.876019670789219, 37.495037600126935 ], [ 126.874796457228967, 37.493574772466474 ], [ 126.872963827215059, 37.49259624764175 ], [ 126.870800760751052, 37.492250976653409 ], [ 126.868636513157554, 37.492591515248208 ], [ 126.866800519352054, 37.493566027836742 ], [ 126.865572270915393, 37.495026174117889 ], [ 126.865138778823223, 37.496749680595308 ], [ 126.865566090261396, 37.498474167671915 ], [ 126.866789203117619, 37.499937089499973 ], [ 126.868621931391885, 37.500915709078377 ], [ 126.870785237521019, 37.501261019901079 ], [ 126.872949725791841, 37.500920442886859 ], [ 126.874785820301341, 37.499945836130728 ], [ 126.876013970477672, 37.498485595095886 ], [ 126.876447222904687, 37.496762048784113 ] ] ] } },
{ "type": "Feature", "properties": { "station_id": "ST041", "station_name": "구파발", "SWST_NM": "구파발", "hoseon": "3호선" }, "geometry": { "type": "Polygon", "coordinates": [ [ [ 126.924485823856756, 37.636766761662095 ], [ 126.924056369393213, 37.635042525608149 ], [ 126.922829929660693, 37.63358022637297 ], [ 126.92099324085801, 37.632602465219819 ], [ 126.918825900655179, 37.632258076806487 ], [ 126.916657814608556, 37.632599482529344 ], [ 126.914819001684023, 37.633574714886578 ], [ 126.913589382595319, 37.63503532412669 ], [ 126.913156177234782, 37.636758966352758 ], [ 126.913585389538127, 37.638483241287616 ], [ 126.914811728325176, 37.639945635280178 ], [ 126.916648516529605, 37.64092349155964 ], [ 126.918816098253259, 37.641267919744465 ], [ 126.920984426460066, 37.640926475140724 ], [ 126.922823340330055, 37.639951148026078 ], [ 126.924052860016985, 37.638490443659684 ], [ 126.924485823856756, 37.636766761662095 ] ] ] } },
{ "type": "Feature", "properties": { "station_id": "ST042", "station_name": "국회의사당", "SWST_NM": "국회의사당", "hoseon": "9호선" }, "geometry": { "type": "Polygon", "coordinates": [ [ [ 126.923530596574736, 37.528108798027802 ], [ 126.923101783483688, 37.526384527392224 ], [ 126.921877139727556, 37.524922193264374 ], [ 126.920043127969024, 37.523944402300828 ], [ 126.917878938439912, 37.523599993778227 ], [ 126.915713997316445, 37.523941392186842 ], [ 126.913877845058607, 37.524916631103963 ], [ 126.912649997432851, 37.526377259698094 ], [ 126.91221740452491, 37.528100931045458 ], [ 126.912645976748848, 37.529825240402872 ], [ 126.913870520090413, 37.531287668913208 ], [ 126.915704630708404, 37.532265554631906 ], [ 126.917869060460475, 37.532610002776053 ], [ 126.920034242451067, 37.532268565645616 ], [ 126.9218704951235, 37.531293232346016 ], [ 126.923098243889768, 37.529832508996719 ], [ 126.923530596574736, 37.528108798027802 ] ] ] } },
{ "type": "Feature", "properties": { "station_id": "ST043", "station_name": "군자(능동)", "SWST_NM": "군자(능동)", "hoseon": "5호선, 7호선" }, "geometry": { "type": "Polygon", "coordinates": [ [ [ 127.074635398918844, 37.559402901932927 ], [ 127.076436972789381, 37.56083583226782 ], [ 127.077415782095358, 37.561251499632505 ], [ 127.079581791233693, 37.561592980891866 ], [ 127.081747070718833, 37.561248580167053 ], [ 127.083581924214272, 37.56027073794489 ], [ 127.084806990445216, 37.558808342406628 ], [ 127.085235785991287, 37.557084050499959 ], [ 127.084803082912117, 37.555360378437179 ], [ 127.084279289907258, 37.554581900632783 ], [ 127.083335808480243, 37.553708739053363 ], [ 127.081498985577724, 37.552733462374206 ], [ 127.079333224252636, 37.552392015489318 ], [ 127.077168189761281, 37.552736372189372 ], [ 127.075333436841177, 37.553714115879174 ], [ 127.074108268522934, 37.555176414499165 ], [ 127.073679227354319, 37.556900666821242 ], [ 127.074111683240957, 37.558624379471247 ], [ 127.074635398918844, 37.559402901932927 ] ] ] } },
{ "type": "Feature", "properties": { "station_id": "ST044", "station_name": "굽은다리(강동구민회관앞)", "SWST_NM": "굽은다리(강동구민회관앞)", "hoseon": "5호선" }, "geometry": { "type": "Polygon", "coordinates": [ [ [ 127.148510895626146, 37.545470019717534 ], [ 127.148076804090408, 37.543746578835297 ], [ 127.146847488222349, 37.542286588777472 ], [ 127.145010121527747, 37.541312299213907 ], [ 127.142844404516893, 37.540972016462824 ], [ 127.140679995675583, 37.541317537165071 ], [ 127.138846354575662, 37.542296267588497 ], [ 127.137622615125963, 37.543759225474766 ], [ 127.13719510245987, 37.545483709188588 ], [ 127.137628953806527, 37.547207190049413 ], [ 127.138858171306239, 37.548667275058776 ], [ 127.140695639076029, 37.549641658925495 ], [ 127.142861597397172, 37.549981980089818 ], [ 127.14502624642752, 37.549636419408969 ], [ 127.146859985895802, 37.548657594034005 ], [ 127.148083624270328, 37.547194541844583 ], [ 127.148510895626146, 37.545470019717534 ] ] ] } },
{ "type": "Feature", "properties": { "station_id": "ST045", "station_name": "금천구청", "SWST_NM": "금천구청", "hoseon": "1호선" }, "geometry": { "type": "Polygon", "coordinates": [ [ [ 126.899631129628119, 37.455630934497051 ], [ 126.899203276608915, 37.453906557242711 ], [ 126.897980278820441, 37.452443959711999 ], [ 126.896148348312948, 37.451465788727745 ], [ 126.893986358592386, 37.451120941463479 ], [ 126.89182340114057, 37.451461909197953 ], [ 126.889988714587943, 37.452436791024155 ], [ 126.888761591589542, 37.453897190408867 ], [ 126.888328871787465, 37.455620795281177 ], [ 126.88875648470767, 37.457345211024062 ], [ 126.889979382214648, 37.458807902634724 ], [ 126.891811411001683, 37.459786168179562 ], [ 126.893973639992055, 37.460131055092774 ], [ 126.896136837542898, 37.459790048869742 ], [ 126.897971624376993, 37.458815072963603 ], [ 126.899198649095823, 37.457354579018308 ], [ 126.899631129628119, 37.455630934497051 ] ] ] } },
{ "type": "Feature", "properties": { "station_id": "ST046", "station_name": "금호", "SWST_NM": "금호", "hoseon": "3호선" }, "geometry": { "type": "Polygon", "coordinates": [ [ [ 127.021530107155215, 37.548033103895108 ], [ 127.021098923486619, 37.546309194977766 ], [ 127.01987204033243, 37.544847882030076 ], [ 127.018036261103546, 37.543871616180148 ], [ 127.015871044890702, 37.54352900455315 ], [ 127.013705974038487, 37.543872198188481 ], [ 127.011870608788698, 37.544848957478955 ], [ 127.01064434527261, 37.546310600193145 ], [ 127.010213892632123, 37.548034624983416 ], [ 127.010644835579953, 37.54975857318793 ], [ 127.011871619148948, 37.551219980809265 ], [ 127.013707498263798, 37.552196341260824 ], [ 127.015872955321996, 37.552538992001061 ], [ 127.018038266894933, 37.552195759078558 ], [ 127.019873731729959, 37.551218905114425 ], [ 127.021099895360038, 37.54975716779861 ], [ 127.021530107155215, 37.548033103895108 ] ] ] } },
{ "type": "Feature", "properties": { "station_id": "ST047", "station_name": "길동", "SWST_NM": "길동", "hoseon": "5호선" }, "geometry": { "type": "Polygon", "coordinates": [ [ [ 127.145661316322133, 37.537794157423683 ], [ 127.145227335425758, 37.536070703589921 ], [ 127.143998201521256, 37.534610681588362 ], [ 127.142161060409904, 37.533636345959103 ], [ 127.139995578273101, 37.533296010037731 ], [ 127.137831377861446, 37.533641478558771 ], [ 127.135997887032531, 37.534620165728377 ], [ 127.134774216820048, 37.536083095866196 ], [ 127.134346681802541, 37.537807571557025 ], [ 127.134780422589742, 37.539531065342821 ], [ 127.136009458136286, 37.540991182263156 ], [ 127.137846700257654, 37.541965612175794 ], [ 127.140012423602172, 37.542305986515224 ], [ 127.14217686412303, 37.541960478042157 ], [ 127.144010453309917, 37.540981695953739 ], [ 127.145234022512355, 37.539518671532562 ], [ 127.145661316322133, 37.537794157423683 ] ] ] } },
{ "type": "Feature", "properties": { "station_id": "ST048", "station_name": "길음", "SWST_NM": "길음", "hoseon": "4호선" }, "geometry": { "type": "Polygon", "coordinates": [ [ [ 127.03071529799638, 37.603405662198853 ], [ 127.030283582403442, 37.601681803258749 ], [ 127.029055610449959, 37.600220599933664 ], [ 127.027218351346974, 37.599244486616897 ], [ 127.025051489404376, 37.598902047175201 ], [ 127.022884857363366, 37.599245406428174 ], [ 127.021048253007365, 37.600222299582825 ], [ 127.019821261070092, 37.601684024073826 ], [ 127.019390701667177, 37.603408066140453 ], [ 127.019822175915735, 37.605131964496834 ], [ 127.021050048098175, 37.606593262706483 ], [ 127.022887407447982, 37.607569470794019 ], [ 127.025054510932037, 37.607911949377268 ], [ 127.027221384317428, 37.607568550708024 ], [ 127.029058088444458, 37.606591562668804 ], [ 127.03028498013488, 37.605129743407012 ], [ 127.03071529799638, 37.603405662198853 ] ] ] } },
{ "type": "Feature", "properties": { "station_id": "ST049", "station_name": "김포공항", "SWST_NM": "김포공항", "hoseon": "5호선, 9호선, 공항철도" }, "geometry": { "type": "Polygon", "coordinates": [ [ [ 126.804111794215359, 37.55719504123379 ], [ 126.801361211782876, 37.557357802707827 ], [ 126.800272752608805, 37.557528256687768 ], [ 126.798323280928102, 37.558353543132995 ], [ 126.796593386992811, 37.559873167670503 ], [ 126.795743981393159, 37.561495654890493 ], [ 126.795739182521416, 37.563253400831144 ], [ 126.796579777496575, 37.56487880486911 ], [ 126.798137833656114, 37.566124398448103 ], [ 126.800176151526387, 37.566800529016454 ], [ 126.801280033769629, 37.566888954031285 ], [ 126.802960409734453, 37.566780240712518 ], [ 126.806757423091454, 37.56567741291699 ], [ 126.808467233722624, 37.564565091969243 ], [ 126.809085469383533, 37.563831797937922 ], [ 126.809648134687421, 37.562587952735164 ], [ 126.809759108947318, 37.561709254256549 ], [ 126.809518758863661, 37.560401140797765 ], [ 126.809096306814936, 37.559584552593783 ], [ 126.808109763729121, 37.558521084549675 ], [ 126.806777945230607, 37.557731376843392 ], [ 126.805753944118976, 37.557391737207141 ], [ 126.804111794215359, 37.55719504123379 ] ] ] } },
{ "type": "Feature", "properties": { "station_id": "ST050", "station_name": "까치산", "SWST_NM": "까치산", "hoseon": "3호선" }, "geometry": { "type": "Polygon", "coordinates": [ [ [ 126.852339859197798, 37.531775208362049 ], [ 126.851912664863633, 37.530050683421237 ], [ 126.850689353304134, 37.528587614596994 ], [ 126.848856184516961, 37.527608720429356 ], [ 126.846692220541613, 37.527263008110289 ], [ 126.844526853267382, 37.527603100535728 ], [ 126.842689687962448, 37.528577230023551 ], [ 126.841460394470687, 37.530037114610252 ], [ 126.841026142855355, 37.531760520677857 ], [ 126.841453096002027, 37.533485083955163 ], [ 126.842676306455701, 37.534948247011613 ], [ 126.844509573445151, 37.535927236107234 ], [ 126.846673777405272, 37.536272988442526 ], [ 126.848839385867024, 37.535932857680578 ], [ 126.85067665227777, 37.534958633960535 ], [ 126.851905847567267, 37.533498654445864 ], [ 126.852339859197798, 37.531775208362049 ] ] ] } },
{ "type": "Feature", "properties": { "station_id": "ST051", "station_name": "낙성대", "SWST_NM": "낙성대", "hoseon": "2호선" }, "geometry": { "type": "Polygon", "coordinates": [ [ [ 126.969345741514616, 37.476931601730904 ], [ 126.968916166210732, 37.475207481985095 ], [ 126.967691463142344, 37.473745610068342 ], [ 126.96585810385325, 37.472768522285179 ], [ 126.963695179203086, 37.472424950919795 ], [ 126.961531922894167, 37.472767193083065 ], [ 126.959697619059256, 37.473743153936958 ], [ 126.9584715022078, 37.475204272726323 ], [ 126.958040258970584, 37.476928127839116 ], [ 126.958469594194071, 37.478652286485421 ], [ 126.959694197533722, 37.480114252713783 ], [ 126.96152765586541, 37.481091434973202 ], [ 126.963690820311768, 37.481435045636566 ], [ 126.965854316701098, 37.481092764572807 ], [ 126.967688720264761, 37.480116709407312 ], [ 126.968914738073565, 37.478655496141698 ], [ 126.969345741514616, 37.476931601730904 ] ] ] } },
{ "type": "Feature", "properties": { "station_id": "ST052", "station_name": "남구로", "SWST_NM": "남구로", "hoseon": "7호선" }, "geometry": { "type": "Polygon", "coordinates": [ [ [ 126.892902419721764, 37.486061259917406 ], [ 126.892474549537567, 37.48433686717204 ], [ 126.891251188615399, 37.482874206985642 ], [ 126.889418604335759, 37.481895935700642 ], [ 126.887255769717086, 37.48155096573452 ], [ 126.885091904797022, 37.481891807028937 ], [ 126.883256386275917, 37.48286657792751 ], [ 126.882028633421996, 37.484326898803957 ], [ 126.881595581785447, 37.486050469565456 ], [ 126.882023211483386, 37.48777490080537 ], [ 126.883246471909942, 37.489237655160387 ], [ 126.885079154553665, 37.490216021125377 ], [ 126.887242228775705, 37.490561030820615 ], [ 126.889406334182084, 37.490220151031636 ], [ 126.891241953198801, 37.489245285964458 ], [ 126.892469607688653, 37.487784870408007 ], [ 126.892902419721764, 37.486061259917406 ] ] ] } },
{ "type": "Feature", "properties": { "station_id": "ST053", "station_name": "남부터미널(예술의전당)", "SWST_NM": "남부터미널(예술의전당)", "hoseon": "3호선" }, "geometry": { "type": "Polygon", "coordinates": [ [ [ 127.021842351016289, 37.485012090113962 ], [ 127.021411523307933, 37.483288163786462 ], [ 127.020185665839506, 37.481826838153459 ], [ 127.018351425802877, 37.480850566320932 ], [ 127.016188028027301, 37.480507956371795 ], [ 127.014024778178879, 37.480851159109761 ], [ 127.012190959430555, 37.481827933522808 ], [ 127.010965732540583, 37.483289595030627 ], [ 127.010535648767316, 37.485013639377399 ], [ 127.010966236504785, 37.486737604904278 ], [ 127.012191994700771, 37.488199024995659 ], [ 127.014026334315872, 37.489175391213166 ], [ 127.01618997218911, 37.489518040184414 ], [ 127.018353462008434, 37.489174798247085 ], [ 127.020187380029228, 37.488197929375623 ], [ 127.021412507340713, 37.486736173482853 ], [ 127.021842351016289, 37.485012090113962 ] ] ] } },
{ "type": "Feature", "properties": { "station_id": "ST054", "station_name": "남성", "SWST_NM": "남성", "hoseon": "7호선" }, "geometry": { "type": "Polygon", "coordinates": [ [ [ 126.976904319408234, 37.484597240353203 ], [ 126.976474526642036, 37.48287315025194 ], [ 126.975249551274104, 37.481411358476997 ], [ 126.973415906296083, 37.480434389122614 ], [ 126.971252726037534, 37.480090956441309 ], [ 126.969089283088707, 37.480433336437137 ], [ 126.967254889983295, 37.481409413299659 ], [ 126.966028794828659, 37.482870608621852 ], [ 126.96559768097606, 37.484594489142268 ], [ 126.966027233600428, 37.486318618196265 ], [ 126.967252109273261, 37.487780504326224 ], [ 126.969085853402902, 37.488757568166022 ], [ 126.971249273578181, 37.489101040114832 ], [ 126.973412956668838, 37.488758621166276 ], [ 126.97524744946935, 37.487782449948725 ], [ 126.976473445472337, 37.486321160141131 ], [ 126.976904319408234, 37.484597240353203 ] ] ] } },
{ "type": "Feature", "properties": { "station_id": "ST055", "station_name": "남영", "SWST_NM": "남영", "hoseon": "1호선" }, "geometry": { "type": "Polygon", "coordinates": [ [ [ 126.976957576960757, 37.541022239483922 ], [ 126.976527459990436, 37.539298165977911 ], [ 126.975301561747003, 37.537836388425013 ], [ 126.973466535781768, 37.53685942871234 ], [ 126.971301726606825, 37.536515999582697 ], [ 126.969136654654974, 37.536858376482094 ], [ 126.967300880315577, 37.537834444088872 ], [ 126.966073861916158, 37.539295625447046 ], [ 126.965642423423688, 37.54101948946294 ], [ 126.966072299581896, 37.542743602001927 ], [ 126.967298097852449, 37.544205474103272 ], [ 126.969133223246843, 37.545182528494614 ], [ 126.971298273008699, 37.545525996971719 ], [ 126.973463585772677, 37.545183581039332 ], [ 126.975299460084926, 37.544207418884127 ], [ 126.976526379055187, 37.542746142847278 ], [ 126.976957576960757, 37.541022239483922 ] ] ] } },
{ "type": "Feature", "properties": { "station_id": "ST056", "station_name": "남태령", "SWST_NM": "남태령", "hoseon": "4호선" }, "geometry": { "type": "Polygon", "coordinates": [ [ [ 126.994785759234034, 37.463873384530103 ], [ 126.994355674272384, 37.462149353368318 ], [ 126.993130688698912, 37.460687741822255 ], [ 126.991297317000289, 37.459711046554489 ], [ 126.989134651887127, 37.459367940114539 ], [ 126.986971887561509, 37.459710648866739 ], [ 126.985138233311289, 37.460687006965316 ], [ 126.983912824818574, 37.46214839318106 ], [ 126.983482240911101, 37.463872345166536 ], [ 126.98391208604653, 37.465596415349623 ], [ 126.985136972195718, 37.467058121220411 ], [ 126.986970443113364, 37.468034910862123 ], [ 126.989133347967737, 37.468378056442312 ], [ 126.991296352119562, 37.468035308668817 ], [ 126.99313010579408, 37.467058856245544 ], [ 126.994355415067758, 37.465597375655832 ], [ 126.994785759234034, 37.463873384530103 ] ] ] } },
{ "type": "Feature", "properties": { "station_id": "ST057", "station_name": "내방", "SWST_NM": "내방", "hoseon": "7호선" }, "geometry": { "type": "Polygon", "coordinates": [ [ [ 126.99916654766001, 37.487618175149429 ], [ 126.998736226009626, 37.485894166871482 ], [ 126.997510767579485, 37.484432606605324 ], [ 126.995676758860668, 37.483455983186865 ], [ 126.993513389510127, 37.483112958211755 ], [ 126.991349960879006, 37.48345574563993 ], [ 126.989515783332322, 37.484432167660408 ], [ 126.988290072202986, 37.485893593332221 ], [ 126.987859452426676, 37.487617554316571 ], [ 126.988289533986418, 37.489341601673438 ], [ 126.989514892916986, 37.490803256355505 ], [ 126.991349001012765, 37.491779974219291 ], [ 126.99351261040313, 37.49212303834436 ], [ 126.995676279124879, 37.491780211837259 ], [ 126.99751055617115, 37.490803695400878 ], [ 126.998736167923525, 37.489342175283745 ], [ 126.99916654766001, 37.487618175149429 ] ] ] } },
{ "type": "Feature", "properties": { "station_id": "ST058", "station_name": "노들", "SWST_NM": "노들", "hoseon": "9호선" }, "geometry": { "type": "Polygon", "coordinates": [ [ [ 126.958877451562174, 37.512889104311952 ], [ 126.958447911672593, 37.511164957041622 ], [ 126.957222826117757, 37.509702985303093 ], [ 126.955388724731364, 37.50872574057631 ], [ 126.953224811333939, 37.508381979006913 ], [ 126.951060470072079, 37.508724026639065 ], [ 126.949225150151392, 37.509699818248961 ], [ 126.947998240711371, 37.511160818868838 ], [ 126.947566549063822, 37.5128846249087 ], [ 126.947995848405156, 37.514608811073074 ], [ 126.94922083395501, 37.516070877222504 ], [ 126.951055034461149, 37.51704821657242 ], [ 126.953219188040109, 37.517392017548218 ], [ 126.955383769850215, 37.517049931022029 ], [ 126.95721918977587, 37.516074045001233 ], [ 126.95844600009616, 37.514612949758238 ], [ 126.958877451562174, 37.512889104311952 ] ] ] } },
{ "type": "Feature", "properties": { "station_id": "ST059", "station_name": "노량진", "SWST_NM": "노량진", "hoseon": "1호선, 9호선" }, "geometry": { "type": "Polygon", "coordinates": [ [ [ 126.938335747352468, 37.517505707903148 ], [ 126.941603214919994, 37.518566912858297 ], [ 126.943810029429457, 37.518567983327813 ], [ 126.945849346375581, 37.517896266393628 ], [ 126.947410658262356, 37.516654040505919 ], [ 126.948256269391877, 37.515030445477784 ], [ 126.948257482940832, 37.513272674665963 ], [ 126.947414170558432, 37.511648332809358 ], [ 126.945854758867782, 37.510404695598389 ], [ 126.942650003299008, 37.50922377352223 ], [ 126.940454225904176, 37.509050395176089 ], [ 126.938342284668352, 37.50955956615018 ], [ 126.93742009718332, 37.510049726831753 ], [ 126.936304751724649, 37.511028703608197 ], [ 126.935781477742495, 37.511807278974999 ], [ 126.935377114939101, 37.513089485884365 ], [ 126.935376353473828, 37.513972623731796 ], [ 126.9357785233436, 37.515255270053252 ], [ 126.936630823960115, 37.51638968775255 ], [ 126.937414281515061, 37.517014578208318 ], [ 126.938335747352468, 37.517505707903148 ] ] ] } },
{ "type": "Feature", "properties": { "station_id": "ST060", "station_name": "노원", "SWST_NM": "노원", "hoseon": "4호선, 7호선" }, "geometry": { "type": "Polygon", "coordinates": [ [ [ 127.058946871961339, 37.659172840386489 ], [ 127.060608150725571, 37.660244375820767 ], [ 127.062724376367569, 37.660753510895503 ], [ 127.064924596007927, 37.660580032996087 ], [ 127.06687379045708, 37.659750356990948 ], [ 127.068275181090058, 37.658390812118036 ], [ 127.068915430119475, 37.656708398611094 ], [ 127.068697112751138, 37.654959260988463 ], [ 127.067653521500532, 37.653409685161961 ], [ 127.066420694974838, 37.652522574061393 ], [ 127.064790817433845, 37.651933102153741 ], [ 127.063606776124473, 37.651088648088681 ], [ 127.061563772790706, 37.650417077605518 ], [ 127.059353062763861, 37.650418210567679 ], [ 127.058290386247521, 37.650675095982088 ], [ 127.056864745969051, 37.651355444098485 ], [ 127.056079819746415, 37.651980278276334 ], [ 127.055225837985503, 37.653114612229729 ], [ 127.054822760679343, 37.654397196966798 ], [ 127.054905322589832, 37.655717581736894 ], [ 127.055466438351985, 37.6569620548999 ], [ 127.056457804297438, 37.658023437028902 ], [ 127.057794051845164, 37.658810313230994 ], [ 127.058946871961339, 37.659172840386489 ] ] ] } },
{ "type": "Feature", "properties": { "station_id": "ST061", "station_name": "녹번", "SWST_NM": "녹번", "hoseon": "3호선" }, "geometry": { "type": "Polygon", "coordinates": [ [ [ 126.941418107610303, 37.600929946251625 ], [ 126.940988466955233, 37.599205761156838 ], [ 126.939762282843418, 37.59774362922812 ], [ 126.937926252484303, 37.596766126276123 ], [ 126.935759873309081, 37.596422047684875 ], [ 126.933592904644627, 37.596763767714329 ], [ 126.931755195452709, 37.597739271021517 ], [ 126.930526498487197, 37.599200066586903 ], [ 126.930093893252348, 37.600923782112297 ], [ 126.930523292241958, 37.602648006130117 ], [ 126.93174937574733, 37.604110232731813 ], [ 126.933585505492928, 37.605087830648607 ], [ 126.935752125828273, 37.605431948867363 ], [ 126.937919336158203, 37.605090189914883 ], [ 126.939757145956563, 37.604114591934717 ], [ 126.940985743535592, 37.602653701404527 ], [ 126.941418107610303, 37.600929946251625 ] ] ] } },
{ "type": "Feature", "properties": { "station_id": "ST062", "station_name": "녹사평(용산구청)", "SWST_NM": "녹사평(용산구청)", "hoseon": "6호선" }, "geometry": { "type": "Polygon", "coordinates": [ [ [ 126.992352097983883, 37.534675501852611 ], [ 126.991921662993647, 37.532951482507862 ], [ 126.990695568081122, 37.531489863147712 ], [ 126.988860496700269, 37.530513141572982 ], [ 126.986695800252519, 37.530169994284442 ], [ 126.984530982012203, 37.530512653840546 ], [ 126.982695563772822, 37.531488961904081 ], [ 126.981468949687283, 37.532950304914536 ], [ 126.981037902194302, 37.534674227155875 ], [ 126.981468096508223, 37.536398285608954 ], [ 126.982694091624964, 37.537859999530774 ], [ 126.984529262549614, 37.538836815727507 ], [ 126.9866941995693, 37.539180002270179 ], [ 126.988859258485945, 37.538837303605717 ], [ 126.990694776521082, 37.537860900980547 ], [ 126.991921291062837, 37.536399463348062 ], [ 126.992352097983883, 37.534675501852611 ] ] ] } },
{ "type": "Feature", "properties": { "station_id": "ST063", "station_name": "녹천", "SWST_NM": "녹천", "hoseon": "1호선" }, "geometry": { "type": "Polygon", "coordinates": [ [ [ 127.056934436610433, 37.644796401939999 ], [ 127.056501875147092, 37.643072651668355 ], [ 127.055272708435083, 37.641611732315113 ], [ 127.053434087566757, 37.640636034997748 ], [ 127.051265904069965, 37.640294080232941 ], [ 127.049098191750986, 37.640637919071118 ], [ 127.047260912771151, 37.641615213750711 ], [ 127.046033754579213, 37.64307720062159 ], [ 127.045603562699995, 37.644801325995921 ], [ 127.046035882428129, 37.64652511588659 ], [ 127.047264949414128, 37.647986130326103 ], [ 127.049103670983712, 37.64896192249676 ], [ 127.051272096619655, 37.649303916318054 ], [ 127.053440050673814, 37.648960037860846 ], [ 127.055277429379728, 37.647982648094981 ], [ 127.056504486870381, 37.646520566370839 ], [ 127.056934436610433, 37.644796401939999 ] ] ] } },
{ "type": "Feature", "properties": { "station_id": "ST064", "station_name": "논현", "SWST_NM": "논현", "hoseon": "7호선, 신분당선" }, "geometry": { "type": "Polygon", "coordinates": [ [ [ 127.027070317238909, 37.511091839323456 ], [ 127.026639219164622, 37.50936793979141 ], [ 127.025412833229282, 37.50790667505855 ], [ 127.023577887096096, 37.506930488937414 ], [ 127.021413713052624, 37.50658797644536 ], [ 127.019249734873114, 37.506931273547345 ], [ 127.017415346549697, 37.507908124879506 ], [ 127.016189795536278, 37.509369834173185 ], [ 127.015759682474553, 37.511093889914441 ], [ 127.016190540288974, 37.512817828711498 ], [ 127.017416826873244, 37.514279188003933 ], [ 127.019251872762709, 37.515255468587483 ], [ 127.021416287233947, 37.515598020109998 ], [ 127.023580505673351, 37.515254683743002 ], [ 127.025414993347837, 37.514277737851259 ], [ 127.026640444604936, 37.512815934095173 ], [ 127.027070317238909, 37.511091839323456 ] ] ] } },
{ "type": "Feature", "properties": { "station_id": "ST065", "station_name": "답십리", "SWST_NM": "답십리", "hoseon": "5호선" }, "geometry": { "type": "Polygon", "coordinates": [ [ [ 127.058363519840057, 37.566744337847858 ], [ 127.057931379489148, 37.565020569612976 ], [ 127.056703470354321, 37.563559644757987 ], [ 127.05486675198695, 37.562583955295381 ], [ 127.052700826357437, 37.562242020604835 ], [ 127.050535383733077, 37.56258588870633 ], [ 127.048700040937689, 37.563563217360795 ], [ 127.047474190739877, 37.565025237688332 ], [ 127.04704447945322, 37.566749390848841 ], [ 127.047476379005658, 37.568473198599257 ], [ 127.048704188812508, 37.569934218275527 ], [ 127.050541007507348, 37.570910002320154 ], [ 127.052707174349337, 37.571251975948563 ], [ 127.054872857772182, 37.570908068331519 ], [ 127.056708299895533, 37.569930644855752 ], [ 127.057934049765862, 37.568468529946216 ], [ 127.058363519840057, 37.566744337847858 ] ] ] } },
{ "type": "Feature", "properties": { "station_id": "ST066", "station_name": "당고개", "SWST_NM": "당고개", "hoseon": "4호선" }, "geometry": { "type": "Polygon", "coordinates": [ [ [ 127.084733369199313, 37.670268064783947 ], [ 127.084300016412726, 37.668544424799592 ], [ 127.083069884753499, 37.667083802489664 ], [ 127.081230272188392, 37.666108543716796 ], [ 127.079061221137266, 37.665767102228095 ], [ 127.076892897393975, 37.666111450957523 ], [ 127.075055356161386, 37.667089174558157 ], [ 127.073828324844101, 37.668551444113142 ], [ 127.073398629736147, 37.670275662903812 ], [ 127.073831740593036, 37.671999342696012 ], [ 127.075061772665251, 37.673460060242803 ], [ 127.076901486322839, 37.674435413893065 ], [ 127.079070779927264, 37.67477689432183 ], [ 127.081239345600309, 37.674432505784537 ], [ 127.083076986419854, 37.673454686947053 ], [ 127.084303916644686, 37.671992322514662 ], [ 127.084733369199313, 37.670268064783947 ] ] ] } },
{ "type": "Feature", "properties": { "station_id": "ST067", "station_name": "당곡", "SWST_NM": "당곡", "hoseon": "신림선" }, "geometry": { "type": "Polygon", "coordinates": [ [ [ 126.933167045716985, 37.490303133568801 ], [ 126.932738225757959, 37.488578886847527 ], [ 126.9315140101194, 37.487116643677403 ], [ 126.929680796226705, 37.486138996890823 ], [ 126.927517652864154, 37.485794763847593 ], [ 126.925353847027552, 37.486136342345958 ], [ 126.923518746445311, 37.487111738546027 ], [ 126.922291706836091, 37.488572477648134 ], [ 126.921859555252141, 37.490296195871828 ], [ 126.922288134831021, 37.492020481314327 ], [ 126.923512250333175, 37.493482818759475 ], [ 126.925345562991723, 37.49446056014984 ], [ 126.927508946166682, 37.494804832708013 ], [ 126.929672992383431, 37.494463215488437 ], [ 126.931508193102118, 37.493487725013352 ], [ 126.932735133945471, 37.492026891307439 ], [ 126.933167045716985, 37.490303133568801 ] ] ] } },
{ "type": "Feature", "properties": { "station_id": "ST068", "station_name": "당산", "SWST_NM": "당산", "hoseon": "2호선, 9호선" }, "geometry": { "type": "Polygon", "coordinates": [ [ [ 126.897179852786465, 37.532959665613703 ], [ 126.897217383850872, 37.535820182567555 ], [ 126.898059878184796, 37.537444875099347 ], [ 126.89961905719133, 37.538689137358276 ], [ 126.90165755022754, 37.539363519495645 ], [ 126.903864975432313, 37.539365337156035 ], [ 126.905905215854531, 37.538694313492122 ], [ 126.90746762330366, 37.537452621385405 ], [ 126.908314335203457, 37.535829319402289 ], [ 126.908439294526772, 37.53296893182565 ], [ 126.907800638073866, 37.531286358168117 ], [ 126.906402111148552, 37.529926486559837 ], [ 126.904979118241414, 37.529245684056157 ], [ 126.903918292860041, 37.528988465002733 ], [ 126.902260368123223, 37.52892223495023 ], [ 126.901172549652259, 37.52909362090768 ], [ 126.90014760835723, 37.529430720186816 ], [ 126.898813205094186, 37.530217124723997 ], [ 126.897822874317185, 37.531278147053463 ], [ 126.897397386323306, 37.532093688808196 ], [ 126.897179852786465, 37.532959665613703 ] ] ] } },
{ "type": "Feature", "properties": { "station_id": "ST069", "station_name": "대림(구로구청)", "SWST_NM": "대림(구로구청)", "hoseon": "2호선, 7호선" }, "geometry": { "type": "Polygon", "coordinates": [ [ [ 126.896527001135922, 37.488529178523827 ], [ 126.893835220536047, 37.48882354701967 ], [ 126.892774272315904, 37.489078951390127 ], [ 126.89135020908607, 37.489757321078791 ], [ 126.890565598365043, 37.490381072261343 ], [ 126.889948767042739, 37.491114804525225 ], [ 126.889387974005061, 37.492359050807956 ], [ 126.889278038617604, 37.493237836348214 ], [ 126.889519569953137, 37.494545804548324 ], [ 126.890557258288652, 37.496096990717206 ], [ 126.891340119450547, 37.496722188050178 ], [ 126.892762371423544, 37.497403157504067 ], [ 126.894925688538592, 37.49774802647773 ], [ 126.898710431615598, 37.497325460778328 ], [ 126.900657212494963, 37.496498504047246 ], [ 126.902058561841159, 37.495140894676119 ], [ 126.90270114770064, 37.493459338148739 ], [ 126.902487188932895, 37.491709848620673 ], [ 126.901449314120228, 37.49015876581344 ], [ 126.899745561771255, 37.489042209670714 ], [ 126.897635301961458, 37.488530143988683 ], [ 126.896527001135922, 37.488529178523827 ] ] ] } },
{ "type": "Feature", "properties": { "station_id": "ST070", "station_name": "대모산입구", "SWST_NM": "대모산입구", "hoseon": "수인분당선" }, "geometry": { "type": "Polygon", "coordinates": [ [ [ 127.078373825607102, 37.491369384617727 ], [ 127.07794166243545, 37.489645667574585 ], [ 127.076714600695809, 37.488184931186765 ], [ 127.074879470810245, 37.487209538820579 ], [ 127.072715632956957, 37.486867964691321 ], [ 127.070552459735623, 37.487212201973691 ], [ 127.068719222685246, 37.488189852224671 ], [ 127.06749499411498, 37.489652097557958 ], [ 127.067066173420613, 37.491376344812508 ], [ 127.067498096768006, 37.493100101373386 ], [ 127.068725059738767, 37.494560932369211 ], [ 127.070560289768267, 37.495536419013561 ], [ 127.072724368015358, 37.495878031864272 ], [ 127.074887781060923, 37.495533755064137 ], [ 127.076721116880165, 37.494556010205166 ], [ 127.077945245306509, 37.49309367059373 ], [ 127.078373825607102, 37.491369384617727 ] ] ] } },
{ "type": "Feature", "properties": { "station_id": "ST071", "station_name": "대방", "SWST_NM": "대방", "hoseon": "1호선, 신림선" }, "geometry": { "type": "Polygon", "coordinates": [ [ [ 126.925696236924026, 37.517809889165164 ], [ 126.92693196326978, 37.51782566635422 ], [ 126.928019559598141, 37.517654042564558 ], [ 126.929966546378466, 37.516826605877831 ], [ 126.931367746223671, 37.515468653325684 ], [ 126.931792769942291, 37.514652986385464 ], [ 126.932037483283409, 37.513345389428125 ], [ 126.931795150086117, 37.51203751144299 ], [ 126.931371635410187, 37.511221352524579 ], [ 126.929973054070004, 37.509861755329538 ], [ 126.928027839602876, 37.509031977865369 ], [ 126.925730963866158, 37.508800881616949 ], [ 126.923566485858913, 37.509142425322516 ], [ 126.921730798483452, 37.510117789293702 ], [ 126.920503346764121, 37.51157850365356 ], [ 126.920071020513888, 37.513302208406401 ], [ 126.920499689519247, 37.515026493709485 ], [ 126.921724144987053, 37.516488844362939 ], [ 126.923557996422147, 37.51746661028232 ], [ 126.925696236924026, 37.517809889165164 ] ] ] } },
{ "type": "Feature", "properties": { "station_id": "ST072", "station_name": "대청", "SWST_NM": "대청", "hoseon": "3호선" }, "geometry": { "type": "Polygon", "coordinates": [ [ [ 127.085185986051982, 37.493510058427646 ], [ 127.084753653957762, 37.491786367133031 ], [ 127.083526424605665, 37.490325702225938 ], [ 127.081691153923487, 37.489350416185452 ], [ 127.07952722350818, 37.489008967041542 ], [ 127.077364020040008, 37.489353328948432 ], [ 127.075530819662973, 37.490331084498898 ], [ 127.07430668911482, 37.491793399780676 ], [ 127.073878012884549, 37.493517670981909 ], [ 127.074310105155959, 37.495241401834583 ], [ 127.075537235793192, 37.496702161372362 ], [ 127.07737260669424, 37.497677541682819 ], [ 127.079536777555248, 37.498019029513877 ], [ 127.08170022084623, 37.497674628048927 ], [ 127.083533519938129, 37.496696777867747 ], [ 127.084757550267454, 37.495234368316027 ], [ 127.085185986051982, 37.493510058427646 ] ] ] } },
{ "type": "Feature", "properties": { "station_id": "ST073", "station_name": "대치", "SWST_NM": "대치", "hoseon": "3호선" }, "geometry": { "type": "Polygon", "coordinates": [ [ [ 127.069296070895177, 37.494608818816829 ], [ 127.068864097495393, 37.492885069320195 ], [ 127.067637159283507, 37.491424239328744 ], [ 127.065802067897593, 37.49044870646113 ], [ 127.063638177669745, 37.490106966315835 ], [ 127.061474869172599, 37.49045103733021 ], [ 127.059641434523556, 37.491428546364261 ], [ 127.058416976092346, 37.492890697028663 ], [ 127.057987928253823, 37.494614910581731 ], [ 127.05841966175521, 37.49633869955106 ], [ 127.059646501096495, 37.497799624141102 ], [ 127.061481692556583, 37.498775251318662 ], [ 127.06364582318129, 37.499117030239745 ], [ 127.065809371576805, 37.49877291975266 ], [ 127.067642905096477, 37.497795316120005 ], [ 127.068867263453541, 37.496333071145671 ], [ 127.069296070895177, 37.494608818816829 ] ] ] } },
{ "type": "Feature", "properties": { "station_id": "ST074", "station_name": "대흥(서강대앞)", "SWST_NM": "대흥(서강대앞)", "hoseon": "6호선" }, "geometry": { "type": "Polygon", "coordinates": [ [ [ 126.947727085088303, 37.547773640323747 ], [ 126.947297602724873, 37.546049462749743 ], [ 126.94607216507471, 37.544587383744272 ], [ 126.944237355635096, 37.543609971097297 ], [ 126.942072486007021, 37.5432660064874 ], [ 126.939907085834193, 37.543607846845802 ], [ 126.938070765432514, 37.544583458501727 ], [ 126.936843066195252, 37.546044333904149 ], [ 126.936410915687972, 37.547768088557739 ], [ 126.936840157044585, 37.549492305014049 ], [ 126.938065494411731, 37.550954478524552 ], [ 126.93990040303656, 37.551931985939511 ], [ 126.942065513216733, 37.552275990066548 ], [ 126.944231154396363, 37.551934110825833 ], [ 126.946067575081059, 37.550958404664875 ], [ 126.947295175133107, 37.549497434494469 ], [ 126.947727085088303, 37.547773640323747 ] ] ] } },
{ "type": "Feature", "properties": { "station_id": "ST075", "station_name": "도곡", "SWST_NM": "도곡", "hoseon": "3호선, 수인분당선" }, "geometry": { "type": "Polygon", "coordinates": [ [ [ 127.051451978751729, 37.487738266614571 ], [ 127.049961405788451, 37.489502321728558 ], [ 127.049640237722741, 37.490347571178944 ], [ 127.049641401003029, 37.492105348886888 ], [ 127.050486707523746, 37.49372896550387 ], [ 127.052047506793699, 37.494971224401375 ], [ 127.054086181160969, 37.495642980759328 ], [ 127.05629232100496, 37.495641950136701 ], [ 127.058330005180835, 37.494968289507362 ], [ 127.059186365651982, 37.494407604790908 ], [ 127.060154964893528, 37.493422562868432 ], [ 127.060997872297506, 37.491798155830473 ], [ 127.060996442909342, 37.490040378368185 ], [ 127.060150950676686, 37.488416836088071 ], [ 127.058590153862426, 37.487174682863099 ], [ 127.056551669499143, 37.486503003107103 ], [ 127.054345798435293, 37.486504038361709 ], [ 127.052308308222877, 37.487177631090006 ], [ 127.051451978751729, 37.487738266614571 ] ] ] } },
{ "type": "Feature", "properties": { "station_id": "ST076", "station_name": "도림천", "SWST_NM": "도림천", "hoseon": "2호선" }, "geometry": { "type": "Polygon", "coordinates": [ [ [ 126.888423547694615, 37.514292477773793 ], [ 126.88799562106982, 37.512568076973317 ], [ 126.886771888398258, 37.511105376807322 ], [ 126.884938673695359, 37.510127039686012 ], [ 126.882775045935148, 37.509781988026695 ], [ 126.880610345835208, 37.510122744194057 ], [ 126.878774077167947, 37.511097439494826 ], [ 126.877545773365028, 37.512557705830538 ], [ 126.877112453874233, 37.514281251434831 ], [ 126.8775401396597, 37.516005690745125 ], [ 126.87876377165334, 37.517468485166113 ], [ 126.880597084815506, 37.518446917074286 ], [ 126.882760952496, 37.518792008527498 ], [ 126.884925893435266, 37.518451213850319 ], [ 126.886762262780451, 37.517476424294578 ], [ 126.88799046812413, 37.516016063171982 ], [ 126.888423547694615, 37.514292477773793 ] ] ] } },
{ "type": "Feature", "properties": { "station_id": "ST077", "station_name": "도봉", "SWST_NM": "도봉", "hoseon": "1호선" }, "geometry": { "type": "Polygon", "coordinates": [ [ [ 127.05126307974777, 37.679560672536773 ], [ 127.050830446684131, 37.677836911705121 ], [ 127.04960081695728, 37.676375942223345 ], [ 127.047761412198341, 37.675400162817333 ], [ 127.045592243249573, 37.67505810647237 ], [ 127.043423493857944, 37.675401839686039 ], [ 127.041585283974669, 37.676379040781157 ], [ 127.040357442721231, 37.677840960378141 ], [ 127.03992691963812, 37.679565055059719 ], [ 127.040359310528174, 37.681288855528948 ], [ 127.041588840303163, 37.682749920203804 ], [ 127.043428345882418, 37.683725794595574 ], [ 127.045597757364547, 37.684067890077614 ], [ 127.047766748929746, 37.683724117226376 ], [ 127.04960505876484, 37.682746820938185 ], [ 127.050832799197963, 37.681284806355436 ], [ 127.05126307974777, 37.679560672536773 ] ] ] } },
{ "type": "Feature", "properties": { "station_id": "ST078", "station_name": "도봉산", "SWST_NM": "도봉산", "hoseon": "7호선" }, "geometry": { "type": "Polygon", "coordinates": [ [ [ 127.04274576760838, 37.685878972294631 ], [ 127.041334143511349, 37.687032966105576 ], [ 127.040488608229467, 37.688657180550273 ], [ 127.040489563856227, 37.69041489927303 ], [ 127.041336921798404, 37.692038525479347 ], [ 127.042901719660804, 37.693280860976095 ], [ 127.044945731061688, 37.693952749121806 ], [ 127.047157733486742, 37.69395188529078 ], [ 127.049200912711086, 37.693278401052758 ], [ 127.050519619349998, 37.692424784225551 ], [ 127.051224169921653, 37.6917418258423 ], [ 127.052069505931186, 37.690117535418018 ], [ 127.052068277010122, 37.688359816894106 ], [ 127.051220727141853, 37.686736266915553 ], [ 127.050102916310351, 37.68575720334259 ], [ 127.049178638110348, 37.685266961360512 ], [ 127.047061808284511, 37.684757585800007 ], [ 127.044860832772841, 37.684930730296173 ], [ 127.043834400008805, 37.685269068838032 ], [ 127.04274576760838, 37.685878972294631 ] ] ] } },
{ "type": "Feature", "properties": { "station_id": "ST079", "station_name": "독립문", "SWST_NM": "독립문", "hoseon": "3호선" }, "geometry": { "type": "Polygon", "coordinates": [ [ [ 126.963408113390599, 37.574572890124408 ], [ 126.962978116339073, 37.572848777139903 ], [ 126.961751933668111, 37.571386867093203 ], [ 126.9599162622942, 37.570409702024158 ], [ 126.957750544979234, 37.570066025907614 ], [ 126.955584440337091, 37.570408151764639 ], [ 126.953747665876747, 37.571384002486738 ], [ 126.952519832121297, 37.572845034154874 ], [ 126.952087887176134, 37.574568838495964 ], [ 126.952517642962817, 37.576292990486742 ], [ 126.953743725366621, 37.577754995166089 ], [ 126.95557949620617, 37.578732255059634 ], [ 126.957745454453971, 37.579075970645626 ], [ 126.959911800360985, 37.578733805782328 ], [ 126.961748675088486, 37.577757860427567 ], [ 126.9629764093783, 37.576296733934925 ], [ 126.963408113390599, 37.574572890124408 ] ] ] } },
{ "type": "Feature", "properties": { "station_id": "ST080", "station_name": "독바위", "SWST_NM": "독바위", "hoseon": "6호선" }, "geometry": { "type": "Polygon", "coordinates": [ [ [ 126.938694436340413, 37.618459078163077 ], [ 126.938264758288554, 37.616734888253482 ], [ 126.937038340225826, 37.615272732170411 ], [ 126.935201915003034, 37.614295189390113 ], [ 126.933035040152703, 37.613951061345716 ], [ 126.9308675504208, 37.614292729817322 ], [ 126.929029374049108, 37.615268187313291 ], [ 126.927800334890975, 37.616728949800169 ], [ 126.927367564559404, 37.618452650030022 ], [ 126.92779700072569, 37.620176878872563 ], [ 126.929023318069, 37.621639129682585 ], [ 126.930859842738656, 37.622616767494101 ], [ 126.933026958947437, 37.622960935205953 ], [ 126.935194690564927, 37.622619227801415 ], [ 126.937032967656009, 37.621643675578497 ], [ 126.938261907367306, 37.620182818060414 ], [ 126.938694436340413, 37.618459078163077 ] ] ] } },
{ "type": "Feature", "properties": { "station_id": "ST081", "station_name": "독산", "SWST_NM": "독산", "hoseon": "1호선" }, "geometry": { "type": "Polygon", "coordinates": [ [ [ 126.894900955675567, 37.466618161983568 ], [ 126.894473149309633, 37.464893770886938 ], [ 126.893250065332069, 37.463431126998231 ], [ 126.891417928936079, 37.462452884192075 ], [ 126.889255644970333, 37.462107950565738 ], [ 126.887092349688729, 37.462448830536857 ], [ 126.885257333121018, 37.463423636557295 ], [ 126.884029938142518, 37.464883983640384 ], [ 126.883597045803796, 37.466607567688129 ], [ 126.88402461192203, 37.468331997262858 ], [ 126.885247595519147, 37.469794735258269 ], [ 126.887079830203447, 37.470773072673289 ], [ 126.889242353550301, 37.471118045990089 ], [ 126.891405889079607, 37.47077712754087 ], [ 126.893241006027779, 37.469802227413737 ], [ 126.894468302717939, 37.468341785721762 ], [ 126.894900955675567, 37.466618161983568 ] ] ] } },
{ "type": "Feature", "properties": { "station_id": "ST082", "station_name": "돌곶이", "SWST_NM": "돌곶이", "hoseon": "6호선" }, "geometry": { "type": "Polygon", "coordinates": [ [ [ 127.062093836087058, 37.610534156304396 ], [ 127.061661355097826, 37.60881041484339 ], [ 127.060432652436276, 37.607349540336365 ], [ 127.058594808500047, 37.606373917096342 ], [ 127.056427596562443, 37.606032054390518 ], [ 127.054260902603062, 37.606375989270795 ], [ 127.052424533840252, 37.607353369349639 ], [ 127.051198039197828, 37.608815417952634 ], [ 127.050768163154913, 37.610539571965745 ], [ 127.051200402838489, 37.612263353025185 ], [ 127.052429005992039, 37.613724322512361 ], [ 127.054266950508264, 37.614700040476166 ], [ 127.056434404195556, 37.615041942161533 ], [ 127.05860133946058, 37.614697967682822 ], [ 127.060437807731404, 37.613720492623848 ], [ 127.061664201793803, 37.612258349297051 ], [ 127.062093836087058, 37.610534156304396 ] ] ] } },
{ "type": "Feature", "properties": { "station_id": "ST083", "station_name": "동대문", "SWST_NM": "동대문", "hoseon": "1호선, 4호선" }, "geometry": { "type": "Polygon", "coordinates": [ [ [ 127.006142869544647, 37.574675955237957 ], [ 127.008262382270161, 37.575660249444816 ], [ 127.009287554186841, 37.57599813210404 ], [ 127.011485455365005, 37.57617022865081 ], [ 127.013598779046433, 37.575659755335742 ], [ 127.015305743832428, 37.574544439457497 ], [ 127.016346468804414, 37.572994099553831 ], [ 127.01656254447893, 37.571244779291504 ], [ 127.015921130777457, 37.569562801138446 ], [ 127.014519924125651, 37.568204218658337 ], [ 127.011452289361884, 37.566767752883919 ], [ 127.009286440686324, 37.566425021953314 ], [ 127.007120677134182, 37.566768093603436 ], [ 127.005696170898773, 37.567447833005694 ], [ 127.004911697553112, 37.568072335657924 ], [ 127.004295345603268, 37.568806655597875 ], [ 127.003735869234603, 37.570051428817521 ], [ 127.003627160911549, 37.570930309565789 ], [ 127.003870939366365, 37.57223802729348 ], [ 127.004295589527743, 37.57305391791833 ], [ 127.00528511451266, 37.574115745468688 ], [ 127.006142869544647, 37.574675955237957 ] ] ] } },
{ "type": "Feature", "properties": { "station_id": "ST084", "station_name": "동대문역사문화공원", "SWST_NM": "동대문역사문화공원", "hoseon": "2호선, 4호선, 5호선" }, "geometry": { "type": "Polygon", "coordinates": [ [ [ 127.0053837675366, 37.569168787527289 ], [ 127.007411579358632, 37.569924110448234 ], [ 127.009609297725362, 37.570096242124215 ], [ 127.011722462604254, 37.569585801895066 ], [ 127.013429316784652, 37.568470512017676 ], [ 127.014469996185881, 37.56692018706616 ], [ 127.014686098249342, 37.56517086842824 ], [ 127.014044778861503, 37.563488878325906 ], [ 127.012643720077889, 37.562130272146767 ], [ 127.01172121751442, 37.561639725952155 ], [ 127.009527288229904, 37.560821879475604 ], [ 127.005352677686034, 37.560160017120964 ], [ 127.003187077441027, 37.560503016964653 ], [ 127.001762654746884, 37.561182709625307 ], [ 127.000978214255554, 37.561807186804558 ], [ 127.000124425555001, 37.562941139376591 ], [ 126.999720887942019, 37.564223555634946 ], [ 126.999802375696603, 37.565543999350723 ], [ 127.00036189585434, 37.566788753841507 ], [ 127.001351282107834, 37.567850615496987 ], [ 127.002685336385198, 37.568638128167279 ], [ 127.004249163618823, 37.569083462452909 ], [ 127.0053837675366, 37.569168787527289 ] ] ] } },
{ "type": "Feature", "properties": { "station_id": "ST085", "station_name": "동대입구", "SWST_NM": "동대입구", "hoseon": "3호선" }, "geometry": { "type": "Polygon", "coordinates": [ [ [ 127.01126094045901, 37.55905159588599 ], [ 127.010829929753726, 37.557327652660824 ], [ 127.009603066375092, 37.555866235743522 ], [ 127.007767150756351, 37.554889812087467 ], [ 127.005601662761535, 37.554547012829126 ], [ 127.003436226091978, 37.55489001755749 ], [ 127.00160045664461, 37.555866615415937 ], [ 127.000373812053311, 37.557328148752759 ], [ 126.999943059465878, 37.559052132885263 ], [ 127.000373829278956, 37.560776115356987 ], [ 127.00160059292071, 37.562237626962457 ], [ 127.003436608382543, 37.563214145281258 ], [ 127.005602337313547, 37.563556983724766 ], [ 127.007768014875367, 37.563213939749843 ], [ 127.009603884059572, 37.562237247203214 ], [ 127.010830428807807, 37.560775619203653 ], [ 127.01126094045901, 37.55905159588599 ] ] ] } },
{ "type": "Feature", "properties": { "station_id": "ST086", "station_name": "동묘앞", "SWST_NM": "동묘앞", "hoseon": "1호선, 6호선" }, "geometry": { "type": "Polygon", "coordinates": [ [ [ 127.010661680356705, 37.574403186577534 ], [ 127.012889927577078, 37.576679838021015 ], [ 127.014837841031309, 37.577508208157326 ], [ 127.017035799333556, 37.577680201309356 ], [ 127.019149127756123, 37.577169628761752 ], [ 127.020856044181812, 37.576054232927014 ], [ 127.021896675065733, 37.574503844518148 ], [ 127.022112625261187, 37.572754514583437 ], [ 127.021471073799148, 37.571072567056554 ], [ 127.019654345496491, 37.569092902211679 ], [ 127.017817974105441, 37.568116637151398 ], [ 127.016206799761363, 37.56779564094856 ], [ 127.015097323805463, 37.567795788040776 ], [ 127.012984232540745, 37.568306288819585 ], [ 127.011277375468936, 37.569421572293642 ], [ 127.010661074905201, 37.570155925292028 ], [ 127.010101694395644, 37.571400728381697 ], [ 127.009993058920045, 37.572279614781259 ], [ 127.010236953085069, 37.573587319049146 ], [ 127.010661680356705, 37.574403186577534 ] ] ] } },
{ "type": "Feature", "properties": { "station_id": "ST087", "station_name": "동작(현충원)", "SWST_NM": "동작(현충원)", "hoseon": "4호선, 9호선" }, "geometry": { "type": "Polygon", "coordinates": [ [ [ 126.980348180707807, 37.498346970094744 ], [ 126.977600082042372, 37.498394559347069 ], [ 126.976512878296418, 37.498566640388859 ], [ 126.975488692782932, 37.498904395602473 ], [ 126.974155622980192, 37.499691656159918 ], [ 126.973166761978177, 37.50075331658374 ], [ 126.97274226724592, 37.501569134589417 ], [ 126.972498302464004, 37.502876818874249 ], [ 126.972606634782821, 37.503755731400609 ], [ 126.973165241905804, 37.505000627518825 ], [ 126.973780860232054, 37.505735069512703 ], [ 126.97548609494757, 37.506850555609944 ], [ 126.977597403068799, 37.507361229631428 ], [ 126.981449083172819, 37.507270642083569 ], [ 126.983487755748527, 37.506598273795241 ], [ 126.985048208696753, 37.505355547734602 ], [ 126.985892877168766, 37.5037316798525 ], [ 126.985893207889205, 37.501973905004618 ], [ 126.985049206878543, 37.500349828495942 ], [ 126.983489405515982, 37.499106685592281 ], [ 126.981451269452194, 37.498433711367454 ], [ 126.980348180707807, 37.498346970094744 ] ] ] } },
{ "type": "Feature", "properties": { "station_id": "ST088", "station_name": "둔촌동", "SWST_NM": "둔촌동", "hoseon": "5호선" }, "geometry": { "type": "Polygon", "coordinates": [ [ [ 127.141904560965983, 37.527781338881397 ], [ 127.141470725225872, 37.526057868017638 ], [ 127.140241829341463, 37.524597803954222 ], [ 127.138404982874761, 37.523623407644081 ], [ 127.136239807168664, 37.523283001666471 ], [ 127.13407587835151, 37.523628401419927 ], [ 127.132242582955584, 37.524607031572309 ], [ 127.131019002264594, 37.526069925114314 ], [ 127.130591437209731, 37.527794390196568 ], [ 127.131025032944606, 37.529517900977488 ], [ 127.13225383048426, 37.530978059916876 ], [ 127.134090777875656, 37.531952550484711 ], [ 127.13625619465563, 37.532292994886873 ], [ 127.138420363478005, 37.531947555216249 ], [ 127.140253757218716, 37.530968830187881 ], [ 127.141477236985011, 37.529505842388176 ], [ 127.141904560965983, 37.527781338881397 ] ] ] } },
{ "type": "Feature", "properties": { "station_id": "ST089", "station_name": "둔촌오륜", "SWST_NM": "둔촌오륜", "hoseon": "9호선" }, "geometry": { "type": "Polygon", "coordinates": [ [ [ 127.143644948649609, 37.519676256743175 ], [ 127.143211120431047, 37.517952789887651 ], [ 127.141982324125294, 37.51649274172199 ], [ 127.140145654122279, 37.515518370783994 ], [ 127.13798070490509, 37.515177995797124 ], [ 127.135817018140614, 37.515523427446418 ], [ 127.133983943533181, 37.516502085543443 ], [ 127.132760528765544, 37.517964998819366 ], [ 127.132333049503416, 37.519689472413653 ], [ 127.132766637819813, 37.521412979184291 ], [ 127.133995335836786, 37.522873122202043 ], [ 127.135832106740622, 37.523847587365992 ], [ 127.137997296941947, 37.524188000756425 ], [ 127.140161223608601, 37.523842529192009 ], [ 127.141994396504813, 37.522863776242922 ], [ 127.14321771037163, 37.521400768741024 ], [ 127.143644948649609, 37.519676256743175 ] ] ] } },
{ "type": "Feature", "properties": { "station_id": "ST090", "station_name": "등촌", "SWST_NM": "등촌", "hoseon": "9호선" }, "geometry": { "type": "Polygon", "coordinates": [ [ [ 126.871347289178757, 37.550638300625806 ], [ 126.870919550547015, 37.548913848922723 ], [ 126.869695559940283, 37.54745098036561 ], [ 126.867861680716416, 37.546472382982188 ], [ 126.865697083013472, 37.546127018776957 ], [ 126.863531255135072, 37.546467457665365 ], [ 126.861693872439531, 37.547441879247799 ], [ 126.86046463788503, 37.548901957115433 ], [ 126.860030712621182, 37.550625428229807 ], [ 126.86045820991437, 37.552349918400303 ], [ 126.861682099501039, 37.55381288129778 ], [ 126.863516077199478, 37.554791573631235 ], [ 126.865680915186587, 37.555136977775724 ], [ 126.867846984403528, 37.554796500419911 ], [ 126.869684468119146, 37.553821984497105 ], [ 126.870913604199075, 37.552361811679454 ], [ 126.871347289178757, 37.550638300625806 ] ] ] } },
{ "type": "Feature", "properties": { "station_id": "ST091", "station_name": "디지털미디어시티", "SWST_NM": "디지털미디어시티", "hoseon": "6호선, 경의중앙선, 공항철도" }, "geometry": { "type": "Polygon", "coordinates": [ [ [ 126.898055888127615, 37.572474766239949 ], [ 126.896448665576855, 37.572794073821619 ], [ 126.89546954947204, 37.573209515107031 ], [ 126.894611062795732, 37.573769002964895 ], [ 126.893620094605637, 37.574829981241422 ], [ 126.893194312034609, 37.575645501374453 ], [ 126.892948714241584, 37.57695300274748 ], [ 126.89337711956874, 37.578677367500035 ], [ 126.894602083320223, 37.580139984338146 ], [ 126.896437137743362, 37.581118162619276 ], [ 126.899892188655642, 37.581957800981343 ], [ 126.901001873108598, 37.581958736840789 ], [ 126.902613692230503, 37.581638850095793 ], [ 126.90403940384428, 37.580960357502178 ], [ 126.904824853788057, 37.580336527574303 ], [ 126.906618211478019, 37.57783622810075 ], [ 126.907051223241155, 37.576112592371665 ], [ 126.906622517052853, 37.574388276076846 ], [ 126.905770012785894, 37.573253652695612 ], [ 126.904986231960791, 37.572628557842457 ], [ 126.903039665366904, 37.571798375842597 ], [ 126.901951676857934, 37.571625187256245 ], [ 126.900292636371447, 37.571688666845596 ], [ 126.899230535010474, 37.571944123941982 ], [ 126.898055888127615, 37.572474766239949 ] ] ] } },
{ "type": "Feature", "properties": { "station_id": "ST092", "station_name": "뚝섬", "SWST_NM": "뚝섬", "hoseon": "2호선" }, "geometry": { "type": "Polygon", "coordinates": [ [ [ 127.053025040975683, 37.547181594786231 ], [ 127.052593137073515, 37.54545780110449 ], [ 127.051365653472402, 37.543996815559254 ], [ 127.049529484930304, 37.543021039419692 ], [ 127.047364149743544, 37.542679005273222 ], [ 127.045199248344943, 37.543022776280708 ], [ 127.043364315207526, 37.544000024972419 ], [ 127.042138680743022, 37.545461994624873 ], [ 127.04170895838962, 37.54718613410089 ], [ 127.042140621705059, 37.548909967241073 ], [ 127.043368006023684, 37.550371047528394 ], [ 127.045204274745885, 37.55134691819503 ], [ 127.047369850891158, 37.551688991280905 ], [ 127.049534992876502, 37.551345180814955 ], [ 127.051370025296407, 37.550367837381167 ], [ 127.052595559580823, 37.548905773201639 ], [ 127.053025040975683, 37.547181594786231 ] ] ] } },
{ "type": "Feature", "properties": { "station_id": "ST093", "station_name": "뚝섬유원지", "SWST_NM": "뚝섬유원지", "hoseon": "7호선" }, "geometry": { "type": "Polygon", "coordinates": [ [ [ 127.072360856967606, 37.531536669429904 ], [ 127.07192859884735, 37.529812942236326 ], [ 127.070700995208355, 37.528352153905331 ], [ 127.068864959026868, 37.527376675684202 ], [ 127.066699988425697, 37.527034994826089 ], [ 127.064535628356751, 37.527379120734757 ], [ 127.06270133093733, 37.528356671928051 ], [ 127.061476329853235, 37.529818845627226 ], [ 127.061047142139145, 37.531543059609668 ], [ 127.061479159934805, 37.53326682634529 ], [ 127.062706664551357, 37.534727709408408 ], [ 127.064542801018561, 37.535703282058954 ], [ 127.066708012467572, 37.53604500172829 ], [ 127.068872612861114, 37.535700836277599 ], [ 127.070707009302978, 37.534723190352182 ], [ 127.071931910101384, 37.53326092222359 ], [ 127.072360856967606, 37.531536669429904 ] ] ] } },
{ "type": "Feature", "properties": { "station_id": "ST094", "station_name": "마곡", "SWST_NM": "마곡", "hoseon": "5호선" }, "geometry": { "type": "Polygon", "coordinates": [ [ [ 126.831107000900502, 37.560191230728243 ], [ 126.830680136229461, 37.558466638065724 ], [ 126.829456778119123, 37.557003356219596 ], [ 126.827623193728357, 37.556024136149951 ], [ 126.825458508382226, 37.555678034632919 ], [ 126.823292223737326, 37.556017733782333 ], [ 126.821454084631966, 37.556991525772169 ], [ 126.820223909088057, 37.558451180030438 ], [ 126.819789001439545, 37.560174498036098 ], [ 126.820215624501969, 37.561899128958579 ], [ 126.821438881163928, 37.563362505085536 ], [ 126.823272563693692, 37.564341820228393 ], [ 126.825437489277647, 37.564687961918466 ], [ 126.827604015531179, 37.564348224509082 ], [ 126.829442256084917, 37.563374338238447 ], [ 126.830672333489844, 37.561914588906937 ], [ 126.831107000900502, 37.560191230728243 ] ] ] } },
{ "type": "Feature", "properties": { "station_id": "ST095", "station_name": "마곡나루", "SWST_NM": "마곡나루", "hoseon": "9호선, 공항철도" }, "geometry": { "type": "Polygon", "coordinates": [ [ [ 126.821965399602561, 37.564227236629762 ], [ 126.821676701389393, 37.567211190239519 ], [ 126.821891084314288, 37.568077673971899 ], [ 126.822313723793371, 37.568894215703111 ], [ 126.82330060547875, 37.569957564060772 ], [ 126.825134473827532, 37.570936849661081 ], [ 126.826744887850978, 37.571260451873378 ], [ 126.827854410200757, 37.571262074970896 ], [ 126.829968838599925, 37.570754890619696 ], [ 126.830892475950407, 37.570265577174716 ], [ 126.83201008159044, 37.569287610621615 ], [ 126.832858790838543, 37.567664862873279 ], [ 126.833011140981014, 37.565109537211455 ], [ 126.832373909581605, 37.563426567878686 ], [ 126.830976157386232, 37.562065812057853 ], [ 126.829030690890221, 37.561234410741996 ], [ 126.826833658638705, 37.561058918653877 ], [ 126.824719483508105, 37.561566048322653 ], [ 126.823009982279217, 37.5626786060078 ], [ 126.821965399602561, 37.564227236629762 ] ] ] } },
{ "type": "Feature", "properties": { "station_id": "ST096", "station_name": "마들", "SWST_NM": "마들", "hoseon": "7호선" }, "geometry": { "type": "Polygon", "coordinates": [ [ [ 127.063341966448064, 37.664937092961871 ], [ 127.06290913940316, 37.663213372319163 ], [ 127.06167951470357, 37.661752525123106 ], [ 127.059840313174476, 37.660776931487717 ], [ 127.057671514709099, 37.660435096133227 ], [ 127.055503246679379, 37.660779051932316 ], [ 127.053665555801857, 37.661756443331036 ], [ 127.05243819222467, 37.663218491972806 ], [ 127.052008032775575, 37.664942634777589 ], [ 127.052440617869763, 37.666666395103213 ], [ 127.053670142804862, 37.668127337469365 ], [ 127.055509445196392, 37.669103026012671 ], [ 127.057678486067289, 37.669444900417112 ], [ 127.05984699604771, 37.669100904935092 ], [ 127.061684786689725, 37.668123418366285 ], [ 127.062912049404474, 37.666661274816612 ], [ 127.063341966448064, 37.664937092961871 ] ] ] } },
{ "type": "Feature", "properties": { "station_id": "ST097", "station_name": "마장", "SWST_NM": "마장", "hoseon": "5호선" }, "geometry": { "type": "Polygon", "coordinates": [ [ [ 127.048632471760627, 37.566097804361128 ], [ 127.048200559346441, 37.564374000153641 ], [ 127.046972850745021, 37.562912973791455 ], [ 127.045136274997745, 37.561937132745875 ], [ 127.042970412383013, 37.561595019469394 ], [ 127.040804943584632, 37.561938709158703 ], [ 127.03896948940455, 37.562915886724646 ], [ 127.037743459549361, 37.564377806283893 ], [ 127.037313527663159, 37.566101924341723 ], [ 127.037745199248221, 37.567825768010543 ], [ 127.03897280843249, 37.569286889169767 ], [ 127.040809484411838, 37.570262824817306 ], [ 127.042975588193258, 37.570604977084102 ], [ 127.045141297820763, 37.570261247933459 ], [ 127.04697685141798, 37.569283975570464 ], [ 127.048202781041098, 37.567821961409265 ], [ 127.048632471760627, 37.566097804361128 ] ] ] } },
{ "type": "Feature", "properties": { "station_id": "ST098", "station_name": "마천", "SWST_NM": "마천", "hoseon": "5호선" }, "geometry": { "type": "Polygon", "coordinates": [ [ [ 127.158435082137871, 37.494982552601591 ], [ 127.158001058974776, 37.493259133284951 ], [ 127.156772381528839, 37.491799232593245 ], [ 127.154936126038294, 37.490825086623865 ], [ 127.152771823876762, 37.490484979876506 ], [ 127.150608918254008, 37.490830682224285 ], [ 127.1487766400288, 37.491809572277255 ], [ 127.147553915698282, 37.493272643442253 ], [ 127.147126915819101, 37.494997176795898 ], [ 127.147560699431295, 37.496720636073228 ], [ 127.148789278848795, 37.498180631565532 ], [ 127.150625635257086, 37.499154871642503 ], [ 127.152790178166299, 37.4994950166775 ], [ 127.154953323339939, 37.499149274369024 ], [ 127.156785699593598, 37.498170289515457 ], [ 127.158008323006385, 37.496707124242874 ], [ 127.158435082137871, 37.494982552601591 ] ] ] } },
{ "type": "Feature", "properties": { "station_id": "ST099", "station_name": "마포", "SWST_NM": "마포", "hoseon": "3호선" }, "geometry": { "type": "Polygon", "coordinates": [ [ [ 126.951589465984298, 37.539576454781454 ], [ 126.951159941466472, 37.537852288825704 ], [ 126.949934562319328, 37.536390247909218 ], [ 126.948099903116926, 37.535412894027431 ], [ 126.94593525258874, 37.535068999920441 ], [ 126.943770107040379, 37.535410911793186 ], [ 126.941934038047833, 37.536386585089502 ], [ 126.940706548746434, 37.537847502870044 ], [ 126.940274534739999, 37.539571274179757 ], [ 126.940703818363687, 37.54129547902739 ], [ 126.941929097304964, 37.542757614429611 ], [ 126.943763855688957, 37.543735063042526 ], [ 126.945928746687017, 37.544078996633814 ], [ 126.948094133129501, 37.543737045869207 ], [ 126.949930302327928, 37.542761278087134 ], [ 126.951157692447737, 37.541300265575487 ], [ 126.951589465984298, 37.539576454781454 ] ] ] } },
{ "type": "Feature", "properties": { "station_id": "ST100", "station_name": "마포구청", "SWST_NM": "마포구청", "hoseon": "6호선" }, "geometry": { "type": "Polygon", "coordinates": [ [ [ 126.90900227066362, 37.563519497525242 ], [ 126.908573591050597, 37.561795184664149 ], [ 126.907348653407041, 37.560332708277528 ], [ 126.90551396520523, 37.559354696660456 ], [ 126.90334881965164, 37.559010022648607 ], [ 126.901182788389704, 37.559351151122421 ], [ 126.899345577739481, 37.560326156747884 ], [ 126.898116864530152, 37.561786624229136 ], [ 126.89768373063238, 37.563510231203821 ], [ 126.8981121688998, 37.565234582757114 ], [ 126.899337005815553, 37.566697153614392 ], [ 126.901171792912351, 37.567675260140938 ], [ 126.903337179052386, 37.568019973904384 ], [ 126.905503451659939, 37.567678806738364 ], [ 126.907340763037951, 37.566703706642265 ], [ 126.908569377352265, 37.565243144251546 ], [ 126.90900227066362, 37.563519497525242 ] ] ] } },
{ "type": "Feature", "properties": { "station_id": "ST101", "station_name": "망우", "SWST_NM": "망우", "hoseon": "경의중앙선" }, "geometry": { "type": "Polygon", "coordinates": [ [ [ 127.097570998473657, 37.599545455044051 ], [ 127.097137763271348, 37.597821841345116 ], [ 127.095908548782205, 37.596361334104685 ], [ 127.094070513240254, 37.595386261713578 ], [ 127.091903459027833, 37.595045049602966 ], [ 127.089737248110737, 37.595389635823118 ], [ 127.08790161422732, 37.596367568864608 ], [ 127.086675994507431, 37.59782998787869 ], [ 127.086247000292303, 37.599554273333865 ], [ 127.086679994460326, 37.601277926809892 ], [ 127.087909109832651, 37.602738529072901 ], [ 127.089747246236641, 37.6037136960691 ], [ 127.091914542206226, 37.604054946948956 ], [ 127.094080994157608, 37.603710320951713 ], [ 127.095916727157785, 37.602732292887673 ], [ 127.097142246015707, 37.601269779268492 ], [ 127.097570998473657, 37.599545455044051 ] ] ] } },
{ "type": "Feature", "properties": { "station_id": "ST102", "station_name": "망원", "SWST_NM": "망원", "hoseon": "6호선" }, "geometry": { "type": "Polygon", "coordinates": [ [ [ 126.915710710442895, 37.55609817525135 ], [ 126.915281918373552, 37.554373884435783 ], [ 126.914056970677379, 37.552911475791014 ], [ 126.912222376335293, 37.551933567301226 ], [ 126.910057414258588, 37.551589016110711 ], [ 126.907891628171384, 37.551930268411724 ], [ 126.906054687092947, 37.55290538002437 ], [ 126.904826226834373, 37.554365919515035 ], [ 126.904393290762755, 37.556089553549782 ], [ 126.904821841601148, 37.557813883083867 ], [ 126.906046688669917, 37.559276386189168 ], [ 126.907881381934331, 37.560254389547815 ], [ 126.910046584535721, 37.56059898044262 ], [ 126.912212611853903, 37.560257689423096 ], [ 126.914049653559744, 37.559282483349911 ], [ 126.915278014895989, 37.557821848990379 ], [ 126.915710710442895, 37.55609817525135 ] ] ] } },
{ "type": "Feature", "properties": { "station_id": "ST103", "station_name": "매봉", "SWST_NM": "매봉", "hoseon": "3호선" }, "geometry": { "type": "Polygon", "coordinates": [ [ [ 127.052422494885633, 37.486944626776683 ], [ 127.051990953500848, 37.485220812996097 ], [ 127.050764469171511, 37.483759805519995 ], [ 127.048929784462743, 37.482784009001399 ], [ 127.046766191836468, 37.482441959174665 ], [ 127.044603026592156, 37.482785721605602 ], [ 127.042769559043549, 37.483762970110909 ], [ 127.041544896542575, 37.485224947950435 ], [ 127.04111550448917, 37.486949102696137 ], [ 127.041546806000127, 37.488672955846198 ], [ 127.042773191336707, 37.490134057856508 ], [ 127.044607975922403, 37.491109948697201 ], [ 127.046771808788762, 37.491452037381315 ], [ 127.048935213906901, 37.491108235580903 ], [ 127.050768780448294, 37.490130892541373 ], [ 127.051993343072311, 37.488668820379765 ], [ 127.052422494885633, 37.486944626776683 ] ] ] } },
{ "type": "Feature", "properties": { "station_id": "ST104", "station_name": "먹골", "SWST_NM": "먹골", "hoseon": "7호선" }, "geometry": { "type": "Polygon", "coordinates": [ [ [ 127.083387841055767, 37.610633134507751 ], [ 127.082954868188082, 37.608909471666145 ], [ 127.081725747819661, 37.607448819343375 ], [ 127.079887623896511, 37.606473528016458 ], [ 127.077720312273428, 37.606132056432237 ], [ 127.075553714087945, 37.606476382123219 ], [ 127.073717621995684, 37.607454093229791 ], [ 127.072491542843622, 37.608916362692078 ], [ 127.072062157900177, 37.610640593761794 ], [ 127.07249488954524, 37.612364296318631 ], [ 127.073723910607555, 37.613825043670026 ], [ 127.075562135313334, 37.614800429672513 ], [ 127.077729688770631, 37.61514194011955 ], [ 127.079896528178736, 37.614797574713329 ], [ 127.081732719577076, 37.613819768578111 ], [ 127.082958697946538, 37.612357404440274 ], [ 127.083387841055767, 37.610633134507751 ] ] ] } },
{ "type": "Feature", "properties": { "station_id": "ST105", "station_name": "면목", "SWST_NM": "면목", "hoseon": "7호선" }, "geometry": { "type": "Polygon", "coordinates": [ [ [ 127.093164168028267, 37.588574667502073 ], [ 127.092731098559483, 37.58685103419414 ], [ 127.091502150962711, 37.585390477986387 ], [ 127.089664442837432, 37.584415334734771 ], [ 127.087497726740722, 37.584074040664333 ], [ 127.08533181319541, 37.584418546301087 ], [ 127.083496390692233, 37.585396412395077 ], [ 127.082270864182888, 37.586858788279379 ], [ 127.081841830797359, 37.588583060982657 ], [ 127.08227465934516, 37.59030673402787 ], [ 127.083503507837094, 37.591767385210545 ], [ 127.085341316728019, 37.592742623039676 ], [ 127.087508274433674, 37.593083955888019 ], [ 127.089674428899997, 37.592739410513992 ], [ 127.091509950507998, 37.59176144944508 ], [ 127.092735376251667, 37.590298978983256 ], [ 127.093164168028267, 37.588574667502073 ] ] ] } },
{ "type": "Feature", "properties": { "station_id": "ST106", "station_name": "명동", "SWST_NM": "명동", "hoseon": "4호선" }, "geometry": { "type": "Polygon", "coordinates": [ [ [ 126.991984086952698, 37.560989519837243 ], [ 126.991553509220282, 37.559265506836326 ], [ 126.9903269905614, 37.557803890126408 ], [ 126.988491278970471, 37.556827167085537 ], [ 126.986325823287743, 37.556484014417897 ], [ 126.984160242306643, 37.556826665492324 ], [ 126.982324173872883, 37.557802963270504 ], [ 126.981097121096639, 37.55926429577719 ], [ 126.980665913230624, 37.560988208915184 ], [ 126.981096249972055, 37.562712261059772 ], [ 126.982322668701812, 37.564173972420733 ], [ 126.984158479962588, 37.565150790174734 ], [ 126.98632417652891, 37.565493982135926 ], [ 126.988489998500967, 37.565151291917829 ], [ 126.990326166863866, 37.564174899488592 ], [ 126.991553119970234, 37.562713472268776 ], [ 126.991984086952698, 37.560989519837243 ] ] ] } },
{ "type": "Feature", "properties": { "station_id": "ST107", "station_name": "명일", "SWST_NM": "명일", "hoseon": "5호선" }, "geometry": { "type": "Polygon", "coordinates": [ [ [ 127.149657340775207, 37.551362963862552 ], [ 127.149223188225548, 37.549639529048669 ], [ 127.147993752880041, 37.548179552639553 ], [ 127.146156226437782, 37.547205282222237 ], [ 127.143990333720396, 37.546865021196282 ], [ 127.141825759947281, 37.547210562894676 ], [ 127.139991989785401, 37.54818931039194 ], [ 127.138768176788275, 37.549652278835374 ], [ 127.138340657294933, 37.551376764986237 ], [ 127.138774569590083, 37.553100239793423 ], [ 127.140003906549367, 37.554560311176886 ], [ 127.141841534107044, 37.555534675914906 ], [ 127.144007668209397, 37.55587497535614 ], [ 127.146172482237034, 37.555529393664436 ], [ 127.14800635078511, 37.554550551192818 ], [ 127.149230062666831, 37.553087488428673 ], [ 127.149657340775207, 37.551362963862552 ] ] ] } },
{ "type": "Feature", "properties": { "station_id": "ST108", "station_name": "목동", "SWST_NM": "목동", "hoseon": "5호선" }, "geometry": { "type": "Polygon", "coordinates": [ [ [ 126.870587432958956, 37.526071333484929 ], [ 126.87015985047222, 37.524346872133798 ], [ 126.868936274766867, 37.522883990386696 ], [ 126.867103006010751, 37.52190537829798 ], [ 126.864939121431348, 37.521560000128822 ], [ 126.86277400082956, 37.521900427927278 ], [ 126.860937211950045, 37.522874842973643 ], [ 126.859708367372775, 37.524334919835553 ], [ 126.859274568849401, 37.526058395609766 ], [ 126.859701910287384, 37.527782895389478 ], [ 126.860925385087754, 37.529245871391097 ], [ 126.862758752191425, 37.530224578347202 ], [ 126.864922876760275, 37.530569996424632 ], [ 126.867088238410844, 37.530229530197595 ], [ 126.868925128195357, 37.529255020896727 ], [ 126.870153874425057, 37.527794849167414 ], [ 126.870587432958956, 37.526071333484929 ] ] ] } },
{ "type": "Feature", "properties": { "station_id": "ST109", "station_name": "몽촌토성(평화의문)", "SWST_NM": "몽촌토성(평화의문)", "hoseon": "8호선" }, "geometry": { "type": "Polygon", "coordinates": [ [ [ 127.118014782730171, 37.517403484363747 ], [ 127.117581557004598, 37.515679921635531 ], [ 127.116353296669203, 37.514219605328506 ], [ 127.114517014567582, 37.513244834816746 ], [ 127.112352246183278, 37.512903989644208 ], [ 127.110188505680426, 37.513248952047618 ], [ 127.108355150928404, 37.514227213245888 ], [ 127.107131272209188, 37.515689862380277 ], [ 127.106703215766004, 37.517414244814368 ], [ 127.107136201514962, 37.519137847314283 ], [ 127.108364363329699, 37.520598258407929 ], [ 127.110200746078704, 37.52157312319649 ], [ 127.112365755320539, 37.521914006909974 ], [ 127.114529735800005, 37.521569004734879 ], [ 127.116363189072686, 37.520590648749973 ], [ 127.117586967144518, 37.519127905338785 ], [ 127.118014782730171, 37.517403484363747 ] ] ] } },
{ "type": "Feature", "properties": { "station_id": "ST110", "station_name": "무악재", "SWST_NM": "무악재", "hoseon": "3호선" }, "geometry": { "type": "Polygon", "coordinates": [ [ [ 126.955951697865032, 37.582301248034689 ], [ 126.955521828490717, 37.580577110231275 ], [ 126.95429566508291, 37.579115124667247 ], [ 126.952459901649135, 37.578137844877233 ], [ 126.950293994973563, 37.577794032291877 ], [ 126.948127632484997, 37.578136020697166 ], [ 126.946290570920894, 37.579111753903888 ], [ 126.94506246448961, 37.580572705885722 ], [ 126.944630302801968, 37.5822964805105 ], [ 126.945059930790066, 37.584020657290267 ], [ 126.946285993821718, 37.585482737496484 ], [ 126.948121856688374, 37.586460112154413 ], [ 126.950288004359436, 37.586803964261073 ], [ 126.95245460823422, 37.586461936879445 ], [ 126.954291770174478, 37.585486109030541 ], [ 126.955519777172839, 37.584025062180778 ], [ 126.955951697865032, 37.582301248034689 ] ] ] } },
{ "type": "Feature", "properties": { "station_id": "ST111", "station_name": "문래", "SWST_NM": "문래", "hoseon": "2호선" }, "geometry": { "type": "Polygon", "coordinates": [ [ [ 126.900415825072258, 37.517937903983785 ], [ 126.899987601798216, 37.516213547259035 ], [ 126.898763575445358, 37.514750971800133 ], [ 126.896930114718785, 37.513772821023117 ], [ 126.894766326018981, 37.513427988979196 ], [ 126.892601574545367, 37.513768964611678 ], [ 126.8907653718923, 37.514743845831113 ], [ 126.889537241462008, 37.516204236243219 ], [ 126.889104176336332, 37.51792782518902 ], [ 126.889532158774287, 37.519652220494486 ], [ 126.890756084544464, 37.521114890248256 ], [ 126.892589643861697, 37.522093135797654 ], [ 126.894753672572492, 37.522438007575083 ], [ 126.896918664882179, 37.522096993361878 ], [ 126.898754968117927, 37.521122017847581 ], [ 126.899982999957558, 37.519661532663079 ], [ 126.900415825072258, 37.517937903983785 ] ] ] } },
{ "type": "Feature", "properties": { "station_id": "ST112", "station_name": "문정", "SWST_NM": "문정", "hoseon": "8호선" }, "geometry": { "type": "Polygon", "coordinates": [ [ [ 127.128153401023042, 37.485849003100718 ], [ 127.127720126705483, 37.484125468418355 ], [ 127.126492187708351, 37.482665249131671 ], [ 127.124656547900202, 37.481690629862769 ], [ 127.122492644994438, 37.481349967158664 ], [ 127.120329861466701, 37.481695115498631 ], [ 127.118497409585316, 37.4826735377967 ], [ 127.117274242232568, 37.484136298649616 ], [ 127.116846597339418, 37.485860726384409 ], [ 127.117279632094466, 37.487584300848894 ], [ 127.118507472820809, 37.489044614836821 ], [ 127.120343213215548, 37.490019328251364 ], [ 127.122507356643069, 37.4903600293963 ], [ 127.124670379733317, 37.49001484127421 ], [ 127.126502929885504, 37.48903632427492 ], [ 127.127725996651634, 37.487573469276349 ], [ 127.128153401023042, 37.485849003100718 ] ] ] } },
{ "type": "Feature", "properties": { "station_id": "ST113", "station_name": "미아(서울사이버대학)", "SWST_NM": "미아(서울사이버대학)", "hoseon": "4호선" }, "geometry": { "type": "Polygon", "coordinates": [ [ [ 127.031647062181278, 37.626668616814634 ], [ 127.031215190195823, 37.624944768165612 ], [ 127.029986817140198, 37.623483580481761 ], [ 127.028148973312597, 37.622507485757389 ], [ 127.025981432015001, 37.622165065011828 ], [ 127.023814129353184, 37.622508440212314 ], [ 127.021976965147218, 37.623485344146282 ], [ 127.020749609339845, 37.624947072625147 ], [ 127.020318937469511, 37.626671111297895 ], [ 127.020750567836515, 37.628394999401443 ], [ 127.021978841015084, 37.629856282051904 ], [ 127.023816785213654, 37.630832471624863 ], [ 127.025984568334266, 37.631174931539924 ], [ 127.028152112614492, 37.630831516884918 ], [ 127.029989376697515, 37.629854517984313 ], [ 127.031216632133933, 37.628392694656888 ], [ 127.031647062181278, 37.626668616814634 ] ] ] } },
{ "type": "Feature", "properties": { "station_id": "ST114", "station_name": "미아사거리", "SWST_NM": "미아사거리", "hoseon": "4호선" }, "geometry": { "type": "Polygon", "coordinates": [ [ [ 127.035716047139857, 37.613290421944583 ], [ 127.035284158838678, 37.611566584277384 ], [ 127.034055926455821, 37.610105435560861 ], [ 127.032218358850614, 37.609129401864841 ], [ 127.030051187278659, 37.608787054929621 ], [ 127.027884291589601, 37.60913050549447 ], [ 127.026047509683607, 37.610107474873956 ], [ 127.024820453324523, 37.611569248908062 ], [ 127.024389952456403, 37.613293306298431 ], [ 127.024821599314933, 37.615017183423404 ], [ 127.026049731925468, 37.616478427069794 ], [ 127.027887399873961, 37.617454555559185 ], [ 127.030054813125062, 37.617796941622558 ], [ 127.032221950256755, 37.617453451599928 ], [ 127.034058831935042, 37.616476387290554 ], [ 127.035285787950869, 37.615014518463106 ], [ 127.035716047139857, 37.613290421944583 ] ] ] } },
{ "type": "Feature", "properties": { "station_id": "ST115", "station_name": "반포", "SWST_NM": "반포", "hoseon": "7호선" }, "geometry": { "type": "Polygon", "coordinates": [ [ [ 127.017382097664296, 37.508177303211212 ], [ 127.016951239161159, 37.506453367402834 ], [ 127.015725089725365, 37.504992001304096 ], [ 127.013890341031924, 37.504015664166502 ], [ 127.011726295332949, 37.503672973995698 ], [ 127.009562356879115, 37.50401609379599 ], [ 127.007727913613977, 37.504992795183725 ], [ 127.006502221339019, 37.506454404710979 ], [ 127.006071902178817, 37.508178426054968 ], [ 127.006502520418636, 37.509902401071187 ], [ 127.007728570426025, 37.511363861697546 ], [ 127.009563418769758, 37.512340293309578 ], [ 127.011727704823969, 37.512683022559777 ], [ 127.013891883541078, 37.512339863551638 ], [ 127.015726426234608, 37.511363067636289 ], [ 127.016952018859257, 37.509901363634597 ], [ 127.017382097664296, 37.508177303211212 ] ] ] } },
{ "type": "Feature", "properties": { "station_id": "ST116", "station_name": "발산", "SWST_NM": "발산", "hoseon": "5호선" }, "geometry": { "type": "Polygon", "coordinates": [ [ [ 126.843326884503938, 37.558605644750074 ], [ 126.842899746947424, 37.556881095177665 ], [ 126.841676175237453, 37.555417939056369 ], [ 126.839842469024703, 37.554438908200936 ], [ 126.837677772157079, 37.554093030588461 ], [ 126.835511588038742, 37.554432954260307 ], [ 126.833673646218116, 37.555406937223005 ], [ 126.832443734709088, 37.556866719835611 ], [ 126.832009117672186, 37.558590084029134 ], [ 126.832436013686348, 37.560314671926363 ], [ 126.833659484071461, 37.561777922351098 ], [ 126.835493288531566, 37.562757048246894 ], [ 126.837658225666772, 37.563102965963303 ], [ 126.839824651327433, 37.562763003966616 ], [ 126.84166269447293, 37.561788926700487 ], [ 126.842892507734604, 37.560329049047532 ], [ 126.843326884503938, 37.558605644750074 ] ] ] } },
{ "type": "Feature", "properties": { "station_id": "ST117", "station_name": "방배", "SWST_NM": "방배", "hoseon": "2호선" }, "geometry": { "type": "Polygon", "coordinates": [ [ [ 127.003249081101515, 37.481425979783374 ], [ 127.002818701165964, 37.479701984564926 ], [ 127.001593264345772, 37.478240465105642 ], [ 126.999759353827173, 37.477263904031552 ], [ 126.997596144315281, 37.476920953453536 ], [ 126.995432912839647, 37.477263816011977 ], [ 126.993598939769555, 37.478240302460968 ], [ 126.992373409323179, 37.479701772048266 ], [ 126.991942918930619, 37.481425749742755 ], [ 126.99237305886497, 37.483149784053708 ], [ 126.993598396254583, 37.484611397916979 ], [ 126.995432406158301, 37.48558805340592 ], [ 126.997595855652591, 37.485931043102774 ], [ 126.999759327129439, 37.485588141451821 ], [ 127.001593399630082, 37.484611560598871 ], [ 127.002818830691325, 37.483149996596694 ], [ 127.003249081101515, 37.481425979783374 ] ] ] } },
{ "type": "Feature", "properties": { "station_id": "ST118", "station_name": "방이", "SWST_NM": "방이", "hoseon": "5호선" }, "geometry": { "type": "Polygon", "coordinates": [ [ [ 127.13178813450088, 37.508850826014445 ], [ 127.131354642209274, 37.507127311797291 ], [ 127.130126254583189, 37.505667136824101 ], [ 127.128290003807777, 37.504692578951826 ], [ 127.126125420578362, 37.504351985365119 ], [ 127.123961990881455, 37.504697200018057 ], [ 127.122129025302797, 37.505675675740534 ], [ 127.120905554913605, 37.507138469014784 ], [ 127.12047786381153, 37.508862903247255 ], [ 127.120911116282429, 37.510586457299226 ], [ 127.122139405560077, 37.512046727060699 ], [ 127.123975757070554, 37.513021379149009 ], [ 127.126140581109254, 37.513362011189045 ], [ 127.128304250626883, 37.513016756701298 ], [ 127.130137314553949, 37.512038186190537 ], [ 127.13136068420809, 37.510575298700246 ], [ 127.13178813450088, 37.508850826014445 ] ] ] } },
{ "type": "Feature", "properties": { "station_id": "ST119", "station_name": "방학", "SWST_NM": "방학", "hoseon": "1호선" }, "geometry": { "type": "Polygon", "coordinates": [ [ [ 127.049940162588996, 37.667500736705534 ], [ 127.04950763044657, 37.665776967416193 ], [ 127.048278225871641, 37.664315980992306 ], [ 127.046439136207766, 37.663340178748697 ], [ 127.044270324342563, 37.6629980971558 ], [ 127.042101919692797, 37.663341806557099 ], [ 127.040263989755957, 37.66431898889536 ], [ 127.039036321044421, 37.665780897636886 ], [ 127.038605836815023, 37.667504991008705 ], [ 127.039038126922989, 37.669228799911139 ], [ 127.040267431593151, 37.670689881483597 ], [ 127.042106622004709, 37.67166577867448 ], [ 127.044275676253477, 37.672007899394565 ], [ 127.046444322937688, 37.671664150380167 ], [ 127.048282352779324, 37.670686872893363 ], [ 127.049509920743148, 37.669224869204555 ], [ 127.049940162588996, 37.667500736705534 ] ] ] } },
{ "type": "Feature", "properties": { "station_id": "ST120", "station_name": "방화", "SWST_NM": "방화", "hoseon": "5호선" }, "geometry": { "type": "Polygon", "coordinates": [ [ [ 126.818401303209242, 37.577454843183794 ], [ 126.817974634750726, 37.575730210136108 ], [ 126.816751244734732, 37.574266800833747 ], [ 126.814917405222189, 37.57328738563443 ], [ 126.812752280386135, 37.572941051001926 ], [ 126.810585438757997, 37.573280514519382 ], [ 126.808746709916392, 37.574254104223733 ], [ 126.807516001620485, 37.575713620345631 ], [ 126.807080699302858, 37.577436885413057 ], [ 126.807507125897388, 37.579161556675238 ], [ 126.808730414258491, 37.580625060288355 ], [ 126.810564351873253, 37.581604570648729 ], [ 126.812729717101732, 37.58195094554852 ], [ 126.814896800593871, 37.58161144381657 ], [ 126.816735631090381, 37.580637759801455 ], [ 126.817966241284083, 37.579178148518501 ], [ 126.818401303209242, 37.577454843183794 ] ] ] } },
{ "type": "Feature", "properties": { "station_id": "ST121", "station_name": "버티고개", "SWST_NM": "버티고개", "hoseon": "6호선" }, "geometry": { "type": "Polygon", "coordinates": [ [ [ 127.012713105801609, 37.548012526382628 ], [ 127.012282125286248, 37.546288585221788 ], [ 127.011055414544927, 37.544827180630001 ], [ 127.009219750758433, 37.543850777691638 ], [ 127.007054575460501, 37.543508004398035 ], [ 127.004889464774365, 37.5438510363904 ], [ 127.003053984998701, 37.544827658659756 ], [ 127.001827549682247, 37.54628920983054 ], [ 127.001396894103834, 37.548013202496101 ], [ 127.001827633864082, 37.549737182895754 ], [ 127.003054244936735, 37.551198682141141 ], [ 127.004890008525607, 37.552175179701088 ], [ 127.007055424634046, 37.552517992156204 ], [ 127.009220776075296, 37.552174920925012 ], [ 127.011056355519642, 37.551198204002056 ], [ 127.012282691033704, 37.549736558209695 ], [ 127.012713105801609, 37.548012526382628 ] ] ] } },
{ "type": "Feature", "properties": { "station_id": "ST122", "station_name": "보라매", "SWST_NM": "보라매", "hoseon": "7호선, 신림선" }, "geometry": { "type": "Polygon", "coordinates": [ [ [ 126.914883181163674, 37.498989247281109 ], [ 126.914888656243903, 37.501148921384456 ], [ 126.915209477634136, 37.50199426433479 ], [ 126.916433617415677, 37.503456672683434 ], [ 126.918267081194003, 37.504434522448335 ], [ 126.920430719326504, 37.504778924342176 ], [ 126.9225950855039, 37.504437437717741 ], [ 126.924430622443609, 37.503462059209994 ], [ 126.925657864556612, 37.502001301801528 ], [ 126.926089996776824, 37.500277573085675 ], [ 126.925974685086956, 37.498996718154018 ], [ 126.925653755051954, 37.4981514038897 ], [ 126.924429521712256, 37.496689089663647 ], [ 126.922596166595525, 37.495711334380331 ], [ 126.920432779990549, 37.495366971906599 ], [ 126.918268665906012, 37.495708419733987 ], [ 126.916433238967656, 37.496683703910591 ], [ 126.915205904554142, 37.498144366694873 ], [ 126.914883181163674, 37.498989247281109 ] ] ] } },
{ "type": "Feature", "properties": { "station_id": "ST123", "station_name": "보라매공원", "SWST_NM": "보라매공원", "hoseon": "신림선" }, "geometry": { "type": "Polygon", "coordinates": [ [ [ 126.923736841725969, 37.495572885310523 ], [ 126.923308208678094, 37.493848606103327 ], [ 126.922084091200517, 37.492386266632536 ], [ 126.920250871799496, 37.49140847439218 ], [ 126.918087620111663, 37.491064068877549 ], [ 126.915923619618823, 37.491405474131305 ], [ 126.914088267662578, 37.492380722678881 ], [ 126.912860958206039, 37.493841362198609 ], [ 126.912428559369502, 37.495565044079079 ], [ 126.912856951937925, 37.497289361963261 ], [ 126.914080969163933, 37.498751795705616 ], [ 126.915914287267313, 37.499729682589084 ], [ 126.918077778792906, 37.500074127677763 ], [ 126.920242019765169, 37.499732683747027 ], [ 126.922077471972955, 37.498757340927888 ], [ 126.923304682727164, 37.497296606765047 ], [ 126.923736841725969, 37.495572885310523 ] ] ] } },
{ "type": "Feature", "properties": { "station_id": "ST124", "station_name": "보라매병원", "SWST_NM": "보라매병원", "hoseon": "신림선" }, "geometry": { "type": "Polygon", "coordinates": [ [ [ 126.929150345726669, 37.492963326004343 ], [ 126.928721603009961, 37.491239065560428 ], [ 126.927497422403206, 37.489776781465999 ], [ 126.925664196009592, 37.488799072783834 ], [ 126.923500994521959, 37.488454766292783 ], [ 126.921337093781716, 37.48879627096732 ], [ 126.919501875955291, 37.489771604202581 ], [ 126.918274714599633, 37.491232300784723 ], [ 126.917842455296338, 37.492956003410512 ], [ 126.918270957585648, 37.494680302557391 ], [ 126.919495038004882, 37.496142680926788 ], [ 126.921328363139352, 37.49712048423094 ], [ 126.923491804455125, 37.497464830262686 ], [ 126.925655945622736, 37.497123286885184 ], [ 126.927491263636654, 37.496147859374958 ], [ 126.928718326251484, 37.49468706817084 ], [ 126.929150345726669, 37.492963326004343 ] ] ] } },
{ "type": "Feature", "properties": { "station_id": "ST125", "station_name": "보문", "SWST_NM": "보문", "hoseon": "6호선, 우이신설선" }, "geometry": { "type": "Polygon", "coordinates": [ [ [ 127.016706242573363, 37.589256044360347 ], [ 127.018827261453794, 37.589769360609168 ], [ 127.02102549249652, 37.58959669998449 ], [ 127.022973323321466, 37.588767739758659 ], [ 127.024374182931865, 37.587408700119724 ], [ 127.025014814248735, 37.585726504339128 ], [ 127.024797734058126, 37.583977263803583 ], [ 127.023756046350641, 37.582427280159088 ], [ 127.022048370030944, 37.58131250586257 ], [ 127.019904673957541, 37.580790633529126 ], [ 127.017706699244215, 37.580963273471653 ], [ 127.015759013294073, 37.581792147853676 ], [ 127.014358102229352, 37.583151086559397 ], [ 127.013717253131261, 37.584833225289564 ], [ 127.013934076538845, 37.586582486007792 ], [ 127.014975618562048, 37.588132555270874 ], [ 127.016706242573363, 37.589256044360347 ] ] ] } },
{ "type": "Feature", "properties": { "station_id": "ST126", "station_name": "복정", "SWST_NM": "복정", "hoseon": "8호선, 수인분당선" }, "geometry": { "type": "Polygon", "coordinates": [ [ [ 127.121080639769616, 37.471042490714865 ], [ 127.12151275887453, 37.472781490187764 ], [ 127.122740438869783, 37.474241764133339 ], [ 127.124575871407387, 37.475216414774934 ], [ 127.126739606727384, 37.475557039985958 ], [ 127.128902183625016, 37.475211774338852 ], [ 127.130734317469873, 37.474233190026325 ], [ 127.131957061217264, 37.472770288165215 ], [ 127.132384285027925, 37.471045802699052 ], [ 127.132064547962727, 37.469031334000313 ], [ 127.13102224625257, 37.467482267195344 ], [ 127.130237696432573, 37.466858656834319 ], [ 127.128813873843427, 37.466180544264432 ], [ 127.126650399600322, 37.465839956016097 ], [ 127.124488082082451, 37.46618518053026 ], [ 127.123066552212904, 37.466866342789523 ], [ 127.122284109059066, 37.467491632768933 ], [ 127.121247037580162, 37.469042928661409 ], [ 127.121032271595496, 37.469909323952834 ], [ 127.121080639769616, 37.471042490714865 ] ] ] } },
{ "type": "Feature", "properties": { "station_id": "ST127", "station_name": "봉은사", "SWST_NM": "봉은사", "hoseon": "9호선" }, "geometry": { "type": "Polygon", "coordinates": [ [ [ 127.06590055011101, 37.514215980024247 ], [ 127.065468541096394, 37.512492223879804 ], [ 127.064241347538072, 37.511031363721557 ], [ 127.062405819976163, 37.510055781747852 ], [ 127.060241379132492, 37.509713981016908 ], [ 127.058077489358354, 37.510057989179664 ], [ 127.056243531211976, 37.511035442666739 ], [ 127.055018686733064, 37.512497553558191 ], [ 127.054589449082755, 37.514221749183676 ], [ 127.055021217953026, 37.51594554481013 ], [ 127.056248312512565, 37.517406499626517 ], [ 127.058083940213422, 37.518382175985018 ], [ 127.060248621673708, 37.518724015538083 ], [ 127.062412751592205, 37.51837996789331 ], [ 127.064246808737323, 37.517402419748109 ], [ 127.06547155307733, 37.515940214471854 ], [ 127.06590055011101, 37.514215980024247 ] ] ] } },
{ "type": "Feature", "properties": { "station_id": "ST128", "station_name": "봉천", "SWST_NM": "봉천", "hoseon": "2호선" }, "geometry": { "type": "Polygon", "coordinates": [ [ [ 126.947545149081407, 37.482364645016801 ], [ 126.947116043759834, 37.480640447928614 ], [ 126.945891677044074, 37.479178351641217 ], [ 126.944058469321746, 37.478200926624211 ], [ 126.941895488416662, 37.477856956487926 ], [ 126.939731976600129, 37.478198799024909 ], [ 126.93789725687121, 37.479174420212431 ], [ 126.936670627005014, 37.480635310999716 ], [ 126.936238851695222, 37.482359084500715 ], [ 126.936667716786943, 37.484083320377664 ], [ 126.937891983541263, 37.485545510945677 ], [ 126.93972529012666, 37.48652303050681 ], [ 126.941888510806649, 37.486867040068091 ], [ 126.944052262853063, 37.486525158742339 ], [ 126.945887082543422, 37.485549443274216 ], [ 126.947113613546549, 37.484088457942796 ], [ 126.947545149081407, 37.482364645016801 ] ] ] } },
{ "type": "Feature", "properties": { "station_id": "ST129", "station_name": "봉화산(서울의료원)", "SWST_NM": "봉화산(서울의료원)", "hoseon": "6호선" }, "geometry": { "type": "Polygon", "coordinates": [ [ [ 127.097064342958987, 37.617278477579042 ], [ 127.096631015680288, 37.615554867338346 ], [ 127.095401518491826, 37.614094359606113 ], [ 127.093563052685937, 37.613119282835065 ], [ 127.091395486130665, 37.612778063109737 ], [ 127.089228758745861, 37.613122639633588 ], [ 127.087392682851146, 37.614100562378304 ], [ 127.086166762848592, 37.615562972075658 ], [ 127.085737655812949, 37.617287250626013 ], [ 127.086170741843873, 37.619010900666353 ], [ 127.087400139823629, 37.620471503480971 ], [ 127.089238706575003, 37.621446674919156 ], [ 127.091406515097418, 37.621787933441666 ], [ 127.093573483729969, 37.621443317118128 ], [ 127.095409658833404, 37.620465299291048 ], [ 127.096635477890459, 37.619002794926558 ], [ 127.097064342958987, 37.617278477579042 ] ] ] } },
{ "type": "Feature", "properties": { "station_id": "ST130", "station_name": "북한산보국문", "SWST_NM": "북한산보국문", "hoseon": "우이신설선" }, "geometry": { "type": "Polygon", "coordinates": [ [ [ 127.013913955496292, 37.612071468191004 ], [ 127.013482577455648, 37.610347550245663 ], [ 127.012254791554668, 37.608886174216579 ], [ 127.010417538723431, 37.60790980079144 ], [ 127.008250502342293, 37.607567053421427 ], [ 127.006083541701031, 37.607910103782785 ], [ 127.004246504572691, 37.608886734091193 ], [ 127.003019041532852, 37.610348281795453 ], [ 127.002588044392851, 37.612072260063748 ], [ 127.003019180919537, 37.61379621734558 ], [ 127.004246866847083, 37.6152576882509 ], [ 127.006084219808486, 37.616234156514771 ], [ 127.008251497768526, 37.616576943130809 ], [ 127.01041869992379, 37.616233853432945 ], [ 127.012255837025535, 37.615257128248317 ], [ 127.01348319993518, 37.61379548570531 ], [ 127.013913955496292, 37.612071468191004 ] ] ] } },
{ "type": "Feature", "properties": { "station_id": "ST131", "station_name": "북한산우이", "SWST_NM": "북한산우이", "hoseon": "우이신설선" }, "geometry": { "type": "Polygon", "coordinates": [ [ [ 127.018372815087631, 37.662908253466654 ], [ 127.017941039578432, 37.66118436681294 ], [ 127.016712329273091, 37.65972305001506 ], [ 127.014873765879187, 37.658746754703238 ], [ 127.012705232234538, 37.658404092400943 ], [ 127.010536815438158, 37.658747221823234 ], [ 127.008698584821673, 37.659723913170467 ], [ 127.007470372612957, 37.661185494638936 ], [ 127.007039184741359, 37.662909474292192 ], [ 127.007470718146379, 37.664633400379302 ], [ 127.008699328269074, 37.66609481223832 ], [ 127.010537992087492, 37.667071202553501 ], [ 127.012706767936479, 37.66741390414974 ], [ 127.014875426837037, 37.667070735294068 ], [ 127.016713757636182, 37.666093948885695 ], [ 127.017941869420355, 37.664632272413861 ], [ 127.018372815087631, 37.662908253466654 ] ] ] } },
{ "type": "Feature", "properties": { "station_id": "ST132", "station_name": "불광", "SWST_NM": "불광", "hoseon": "3호선, 6호선" }, "geometry": { "type": "Polygon", "coordinates": [ [ [ 126.925752293938103, 37.607423476511293 ], [ 126.924397953003776, 37.608746290881498 ], [ 126.923754859086529, 37.610427931990223 ], [ 126.923969649630493, 37.61217734869021 ], [ 126.925009680339912, 37.613728203900962 ], [ 126.926716647598013, 37.614844375521379 ], [ 126.928830670219043, 37.615355914688877 ], [ 126.931029860379951, 37.615184931757042 ], [ 126.932979355686783, 37.614357461581967 ], [ 126.934194913698519, 37.61341342692878 ], [ 126.934812322427931, 37.612679479374073 ], [ 126.935455186931648, 37.61099777843215 ], [ 126.93524013067568, 37.609248382030579 ], [ 126.934199949633083, 37.607697615653642 ], [ 126.933415569917571, 37.607072712616954 ], [ 126.931990863408899, 37.606392242823901 ], [ 126.92982423266227, 37.606048055600276 ], [ 126.927656957735508, 37.606389665778593 ], [ 126.926677574094938, 37.606805363265025 ], [ 126.925752293938103, 37.607423476511293 ] ] ] } },
{ "type": "Feature", "properties": { "station_id": "ST133", "station_name": "사가정", "SWST_NM": "사가정", "hoseon": "7호선" }, "geometry": { "type": "Polygon", "coordinates": [ [ [ 127.094138585930267, 37.580889621511375 ], [ 127.093705538895676, 37.579165989499273 ], [ 127.092476698918986, 37.577705441387728 ], [ 127.090639167205211, 37.576730311805363 ], [ 127.0884726694607, 37.576389034902405 ], [ 127.086306982985192, 37.576733558594803 ], [ 127.084471761720764, 37.577711440882553 ], [ 127.083246379992559, 37.579173828628143 ], [ 127.082817412882619, 37.580898107048228 ], [ 127.083250219091553, 37.582621778791989 ], [ 127.084478960010443, 37.584082421854248 ], [ 127.086316592460875, 37.585057645985529 ], [ 127.088483331726394, 37.585398961650164 ], [ 127.090649259027529, 37.58505439822612 ], [ 127.092484579349801, 37.584076420987671 ], [ 127.093709860341335, 37.58261393869315 ], [ 127.094138585930267, 37.580889621511375 ] ] ] } },
{ "type": "Feature", "properties": { "station_id": "ST134", "station_name": "사당", "SWST_NM": "사당", "hoseon": "2호선" }, "geometry": { "type": "Polygon", "coordinates": [ [ [ 126.975891287532903, 37.476536981849904 ], [ 126.97642800411397, 37.478678080508516 ], [ 126.976950146484356, 37.479457046603947 ], [ 126.978509431053624, 37.480700279835041 ], [ 126.980547059007478, 37.481373306694188 ], [ 126.982752780175673, 37.481373649259389 ], [ 126.984790737192526, 37.480701255354603 ], [ 126.986350629733394, 37.479458506506994 ], [ 126.987194978269429, 37.477834622115658 ], [ 126.987195278183648, 37.476076839533796 ], [ 126.986766729554432, 37.474814692662065 ], [ 126.986244517559072, 37.474035769316885 ], [ 126.984685243235603, 37.472792636759252 ], [ 126.982647811067878, 37.4721196803333 ], [ 126.980442361861151, 37.472119335883058 ], [ 126.978404598983445, 37.472791655824288 ], [ 126.976844713529786, 37.474034301178428 ], [ 126.976000183868521, 37.475658112597934 ], [ 126.975891287532903, 37.476536981849904 ] ] ] } },
{ "type": "Feature", "properties": { "station_id": "ST135", "station_name": "사평", "SWST_NM": "사평", "hoseon": "9호선" }, "geometry": { "type": "Polygon", "coordinates": [ [ [ 127.020913797949376, 37.504205134204007 ], [ 127.02048288111169, 37.502481210131762 ], [ 127.019256727848131, 37.50101987970659 ], [ 127.017422030404987, 37.500043596750238 ], [ 127.015258083228971, 37.49970097102441 ], [ 127.01309427557878, 37.500044155727679 ], [ 127.011259975497524, 37.50102091259847 ], [ 127.010034416999702, 37.502482559740862 ], [ 127.0096042018465, 37.504206595100811 ], [ 127.010034878481889, 37.505930558394581 ], [ 127.011260932369964, 37.507391983341769 ], [ 127.013095729477271, 37.508368360750943 ], [ 127.015259916975154, 37.50871102553117 ], [ 127.0174239648276, 37.508367801606369 ], [ 127.019258364284354, 37.507390950213555 ], [ 127.020483823118028, 37.505929208618355 ], [ 127.020913797949376, 37.504205134204007 ] ] ] } },
{ "type": "Feature", "properties": { "station_id": "ST136", "station_name": "삼각지", "SWST_NM": "삼각지", "hoseon": "4호선, 6호선" }, "geometry": { "type": "Polygon", "coordinates": [ [ [ 126.967610007162079, 37.536197380807216 ], [ 126.969657796504507, 37.538390900277221 ], [ 126.970887592856087, 37.539279038868841 ], [ 126.971865534032545, 37.539695582626202 ], [ 126.973475913161863, 37.540017185215099 ], [ 126.974584977314919, 37.540017429114549 ], [ 126.976195579312986, 37.539696534859679 ], [ 126.97761982514416, 37.539017148100854 ], [ 126.978404221575317, 37.538392823673703 ], [ 126.979445208064845, 37.536842799565306 ], [ 126.979689162526611, 37.535535108467208 ], [ 126.97958070136491, 37.534656207137196 ], [ 126.978736469329249, 37.533032094464865 ], [ 126.976189903008589, 37.530593361770379 ], [ 126.974243638070817, 37.529764347858233 ], [ 126.972047185173153, 37.529591557132221 ], [ 126.969934879012882, 37.530101291051565 ], [ 126.968228252088579, 37.531215959543701 ], [ 126.967187111797855, 37.532765886189964 ], [ 126.966969993611968, 37.53451512718231 ], [ 126.967610007162079, 37.536197380807216 ] ] ] } },
{ "type": "Feature", "properties": { "station_id": "ST137", "station_name": "삼성", "SWST_NM": "삼성", "hoseon": "2호선" }, "geometry": { "type": "Polygon", "coordinates": [ [ [ 127.068895146188311, 37.508866837012775 ], [ 127.0684630993441, 37.507143090293013 ], [ 127.067235935201339, 37.505682259891287 ], [ 127.065400499809954, 37.504706723478279 ], [ 127.063236199859375, 37.504364977181474 ], [ 127.061072478262375, 37.504709040369889 ], [ 127.059238689990067, 37.505686541098882 ], [ 127.058013991232144, 37.50714868425387 ], [ 127.057584852965562, 37.508872892247219 ], [ 127.058016659740673, 37.510596678457759 ], [ 127.059243724939236, 37.512057603506037 ], [ 127.061079260471431, 37.513033234278723 ], [ 127.063243800986754, 37.513375019373669 ], [ 127.065407762652825, 37.513030916694454 ], [ 127.067241649869345, 37.512053321318895 ], [ 127.06846624848643, 37.510591083804258 ], [ 127.068895146188311, 37.508866837012775 ] ] ] } },
{ "type": "Feature", "properties": { "station_id": "ST138", "station_name": "삼성(무역센터)", "SWST_NM": "삼성(무역센터)", "hoseon": "2호선" }, "geometry": { "type": "Polygon", "coordinates": [ [ [ 127.068815144236154, 37.508840840844677 ], [ 127.068383099381805, 37.507117093822735 ], [ 127.067155937222907, 37.505656262581539 ], [ 127.065320503507579, 37.504680724919638 ], [ 127.063156204670221, 37.504338977154639 ], [ 127.060992483454243, 37.504683038878966 ], [ 127.059158694772776, 37.505660538370805 ], [ 127.057933994877686, 37.50712268070383 ], [ 127.057504854918818, 37.508846888415562 ], [ 127.057936659704083, 37.51057067492782 ], [ 127.0591637229181, 37.512031600815305 ], [ 127.060999256773371, 37.513007232836955 ], [ 127.063163796174862, 37.513349019400508 ], [ 127.065327757459912, 37.513004918185857 ], [ 127.067161645086244, 37.512027324047736 ], [ 127.068386244841378, 37.510565087354955 ], [ 127.068815144236154, 37.508840840844677 ] ] ] } },
{ "type": "Feature", "properties": { "station_id": "ST139", "station_name": "삼성중앙", "SWST_NM": "삼성중앙", "hoseon": "9호선" }, "geometry": { "type": "Polygon", "coordinates": [ [ [ 127.058937459687073, 37.513008313493614 ], [ 127.058505617774046, 37.511284531384277 ], [ 127.057278579626484, 37.509823598454176 ], [ 127.055443172137558, 37.508847907984844 ], [ 127.053278797764762, 37.50850597954944 ], [ 127.051114910748694, 37.508849860232836 ], [ 127.049280891224896, 37.509827205864596 ], [ 127.048055930564232, 37.511289244940485 ], [ 127.047626539599889, 37.513013415725936 ], [ 127.048058141355497, 37.514737237277473 ], [ 127.049285080444278, 37.516198264845826 ], [ 127.05112058800033, 37.517174049711677 ], [ 127.053285202948217, 37.517516017005647 ], [ 127.055449330121704, 37.517172096880067 ], [ 127.057283448704283, 37.516194656610054 ], [ 127.058508309297835, 37.514732523137653 ], [ 127.058937459687073, 37.513008313493614 ] ] ] } },
{ "type": "Feature", "properties": { "station_id": "ST140", "station_name": "삼양", "SWST_NM": "삼양", "hoseon": "우이신설선" }, "geometry": { "type": "Polygon", "coordinates": [ [ [ 127.023770081050003, 37.62691299492208 ], [ 127.023338389540427, 37.625189117449871 ], [ 127.022110166596676, 37.623727847776948 ], [ 127.020272419680268, 37.622751630383341 ], [ 127.018104907355323, 37.622409064959662 ], [ 127.015937561322872, 37.622752295489612 ], [ 127.014100287998332, 37.623729076776108 ], [ 127.012872773920364, 37.62519072329885 ], [ 127.012441918706628, 37.626914733187967 ], [ 127.012873368563817, 37.628638650071863 ], [ 127.014101491554413, 37.630100014694385 ], [ 127.015939338768121, 37.631076326955323 ], [ 127.018107092888059, 37.63141893159208 ], [ 127.020274680572925, 37.631075661650442 ], [ 127.022112053850606, 37.63009878541434 ], [ 127.023339467631246, 37.628637044024266 ], [ 127.023770081050003, 37.62691299492208 ] ] ] } },
{ "type": "Feature", "properties": { "station_id": "ST141", "station_name": "삼양사거리", "SWST_NM": "삼양사거리", "hoseon": "우이신설선" }, "geometry": { "type": "Polygon", "coordinates": [ [ [ 127.026136657812827, 37.62133588145057 ], [ 127.025704943982845, 37.619612011010929 ], [ 127.024476766541241, 37.618150764570025 ], [ 127.022639126011356, 37.617174583074068 ], [ 127.020471764762021, 37.61683206075385 ], [ 127.018304591506833, 37.617175335035505 ], [ 127.016467486373941, 37.618152154062258 ], [ 127.015240110307133, 37.619613826565185 ], [ 127.014809341912041, 37.621337846713871 ], [ 127.01524081416558, 37.623061756570216 ], [ 127.016468891704093, 37.624523097946913 ], [ 127.018306632526148, 37.62549937428566 ], [ 127.020474235513106, 37.625841935798043 ], [ 127.022641650344724, 37.62549862209967 ], [ 127.024478855380721, 37.624521708137109 ], [ 127.025706131155374, 37.623059940791407 ], [ 127.026136657812827, 37.62133588145057 ] ] ] } },
{ "type": "Feature", "properties": { "station_id": "ST142", "station_name": "삼전", "SWST_NM": "삼전", "hoseon": "9호선" }, "geometry": { "type": "Polygon", "coordinates": [ [ [ 127.093679831097873, 37.504733650844166 ], [ 127.093247238588447, 37.503009994260587 ], [ 127.092019659862686, 37.501549420825029 ], [ 127.090184004031926, 37.500574269078378 ], [ 127.088019711299012, 37.500232976601453 ], [ 127.085856223467687, 37.500577493704014 ], [ 127.084022859952128, 37.501555379365236 ], [ 127.082798712331936, 37.503017779877126 ], [ 127.082370167724605, 37.504742078456502 ], [ 127.082802520311645, 37.506465774660576 ], [ 127.084030000348065, 37.507926442784466 ], [ 127.085865756533479, 37.508901688820131 ], [ 127.08803028987856, 37.509243019953516 ], [ 127.090194017632271, 37.508898463230437 ], [ 127.092027479837157, 37.507920482880898 ], [ 127.093251527102737, 37.506457988079994 ], [ 127.093679831097873, 37.504733650844166 ] ] ] } },
{ "type": "Feature", "properties": { "station_id": "ST143", "station_name": "상계", "SWST_NM": "상계", "hoseon": "4호선" }, "geometry": { "type": "Polygon", "coordinates": [ [ [ 127.079238655747119, 37.66087432955716 ], [ 127.07880548498278, 37.659150666426434 ], [ 127.077575616215455, 37.657689984187698 ], [ 127.075736307390301, 37.656714637836899 ], [ 127.073567554706997, 37.656373094458367 ], [ 127.071399478564643, 37.65671734249424 ], [ 127.069562096490841, 37.657694981917807 ], [ 127.068335111658271, 37.659157196617713 ], [ 127.067905343262709, 37.660881398222209 ], [ 127.068338272187901, 37.662605101117215 ], [ 127.069568041362203, 37.664065878548051 ], [ 127.071407451180718, 37.66504131975649 ], [ 127.073576446283226, 37.665382902091913 ], [ 127.075744764264726, 37.665038614291745 ], [ 127.077582245931552, 37.664060879676114 ], [ 127.078809129770733, 37.66259857011854 ], [ 127.079238655747119, 37.66087432955716 ] ] ] } },
{ "type": "Feature", "properties": { "station_id": "ST144", "station_name": "상도", "SWST_NM": "상도", "hoseon": "7호선" }, "geometry": { "type": "Polygon", "coordinates": [ [ [ 126.953564692781157, 37.502836358130246 ], [ 126.953135332452561, 37.50111218871799 ], [ 126.951910514602972, 37.499650159569484 ], [ 126.95007672831052, 37.498672830914856 ], [ 126.947913129447087, 37.498328971681914 ], [ 126.945749054304713, 37.498670922779979 ], [ 126.943913911596169, 37.49964663367232 ], [ 126.942687063481785, 37.501107581669565 ], [ 126.94225530791563, 37.502831371188229 ], [ 126.942684427794703, 37.504555579451171 ], [ 126.943909145638699, 37.50601770296408 ], [ 126.945743030951348, 37.506995126219373 ], [ 126.947906869856112, 37.507339024873502 ], [ 126.950071185447982, 37.50699703492473 ], [ 126.951906428162147, 37.506021229668015 ], [ 126.953133177256291, 37.504560187070091 ], [ 126.953564692781157, 37.502836358130246 ] ] ] } },
{ "type": "Feature", "properties": { "station_id": "ST145", "station_name": "상봉(시외버스터미널)", "SWST_NM": "상봉(시외버스터미널)", "hoseon": "7호선, 경의중앙선" }, "geometry": { "type": "Polygon", "coordinates": [ [ [ 127.08100575588611, 37.593077506535309 ], [ 127.079486071621901, 37.595802997676316 ], [ 127.079487941413873, 37.597560742878763 ], [ 127.080335090329029, 37.599184114811521 ], [ 127.081898587549134, 37.600425954009914 ], [ 127.083940404616826, 37.601097179464411 ], [ 127.086149653208423, 37.601095587526522 ], [ 127.088189938606035, 37.60042142066375 ], [ 127.0897506059368, 37.5991773304821 ], [ 127.091135502508067, 37.596880659355257 ], [ 127.091349896012375, 37.595131211122457 ], [ 127.090706594612413, 37.593449648211418 ], [ 127.089715601175769, 37.59238854174405 ], [ 127.088857017427117, 37.591828941796152 ], [ 127.087877744055973, 37.591413372025933 ], [ 127.086265768256283, 37.591093334145285 ], [ 127.084067645873944, 37.591267209624931 ], [ 127.083042678485981, 37.591605893067161 ], [ 127.081709090951136, 37.592394355874852 ], [ 127.08100575588611, 37.593077506535309 ] ] ] } },
{ "type": "Feature", "properties": { "station_id": "ST146", "station_name": "상수", "SWST_NM": "상수", "hoseon": "6호선" }, "geometry": { "type": "Polygon", "coordinates": [ [ [ 126.928510078816842, 37.547719561141207 ], [ 126.928081039478684, 37.545995314088771 ], [ 126.926855978322266, 37.544533036018997 ], [ 126.925021421566541, 37.543555325037097 ], [ 126.922856642383181, 37.543211008231076 ], [ 126.920691156663111, 37.543552496128058 ], [ 126.918854587729854, 37.544527808693445 ], [ 126.917626514774042, 37.545988483900494 ], [ 126.91719392221691, 37.54771216774116 ], [ 126.917622720473858, 37.549436453570451 ], [ 126.918847681165616, 37.550898826101268 ], [ 126.920682336924031, 37.551876631894366 ], [ 126.922847356583063, 37.552220988322659 ], [ 126.925013083384343, 37.551879461648817 ], [ 126.92684975278226, 37.550904054622414 ], [ 126.928077726735367, 37.549443284604145 ], [ 126.928510078816842, 37.547719561141207 ] ] ] } },
{ "type": "Feature", "properties": { "station_id": "ST147", "station_name": "상왕십리", "SWST_NM": "상왕십리", "hoseon": "2호선" }, "geometry": { "type": "Polygon", "coordinates": [ [ [ 127.035013340615919, 37.564352457276819 ], [ 127.034581752078751, 37.562628602560707 ], [ 127.033354337980128, 37.561167433994427 ], [ 127.031517982552202, 37.560191380706549 ], [ 127.029352232561592, 37.559849017456109 ], [ 127.027186751562155, 37.56019245748044 ], [ 127.025351162206235, 37.561169423682884 ], [ 127.024124894753569, 37.562631202350317 ], [ 127.023694658990479, 37.564355271442935 ], [ 127.024126006665696, 37.566079165543279 ], [ 127.025353321226561, 37.567540428869769 ], [ 127.02718977674887, 37.568516576784596 ], [ 127.029355767832016, 37.568858979097527 ], [ 127.031521489693432, 37.568515499688971 ], [ 127.033357178587082, 37.567538438726302 ], [ 127.034583345945393, 37.566076565431928 ], [ 127.035013340615919, 37.564352457276819 ] ] ] } },
{ "type": "Feature", "properties": { "station_id": "ST148", "station_name": "상월곡(한국과학기술연구원)", "SWST_NM": "상월곡(한국과학기술연구원)", "hoseon": "6호선" }, "geometry": { "type": "Polygon", "coordinates": [ [ [ 127.05415352147557, 37.606374537541548 ], [ 127.053721247892938, 37.604650765599736 ], [ 127.052492768931828, 37.603189807220339 ], [ 127.050655130945529, 37.602214059492184 ], [ 127.048488075874033, 37.601872050633823 ], [ 127.04632146583306, 37.60221583993939 ], [ 127.044485095269124, 37.603193097173055 ], [ 127.043258513368258, 37.604655064355498 ], [ 127.042828477873172, 37.60637919076904 ], [ 127.043260510168452, 37.60810300225981 ], [ 127.044488889566537, 37.609564055587086 ], [ 127.046326628036866, 37.610539898042859 ], [ 127.048493924777219, 37.610881945918415 ], [ 127.050660776105545, 37.610538117063868 ], [ 127.052497246232505, 37.60956076488231 ], [ 127.053723727649341, 37.608098702972271 ], [ 127.05415352147557, 37.606374537541548 ] ] ] } },
{ "type": "Feature", "properties": { "station_id": "ST149", "station_name": "상일동", "SWST_NM": "상일동", "hoseon": "5호선" }, "geometry": { "type": "Polygon", "coordinates": [ [ [ 127.172075738515545, 37.556703888589126 ], [ 127.171641038587339, 37.554980539084589 ], [ 127.170411078704021, 37.553520798673098 ], [ 127.168573130380281, 37.552546878998349 ], [ 127.166406982613708, 37.552207030069667 ], [ 127.164242359419916, 37.552552982507002 ], [ 127.162408752995319, 37.553532076881865 ], [ 127.161185292006323, 37.554995275547469 ], [ 127.160758259253726, 37.556719840208622 ], [ 127.161192718953018, 37.55844322983674 ], [ 127.162422580636957, 37.559903065291266 ], [ 127.1642606303148, 37.560877079253622 ], [ 127.166427019617046, 37.561216966482043 ], [ 127.168591883039767, 37.560870973921119 ], [ 127.170425587663743, 37.559891784503215 ], [ 127.171648947298621, 37.558428491550032 ], [ 127.172075738515545, 37.556703888589126 ] ] ] } },
{ "type": "Feature", "properties": { "station_id": "ST150", "station_name": "새절(신사)", "SWST_NM": "새절(신사)", "hoseon": "6호선" }, "geometry": { "type": "Polygon", "coordinates": [ [ [ 126.919290363951163, 37.59115200691766 ], [ 126.918861289803075, 37.589427739034249 ], [ 126.91763569909719, 37.587965375466538 ], [ 126.915800198737244, 37.586987527308317 ], [ 126.913634205522854, 37.586643042494607 ], [ 126.911467420066032, 37.586984357105784 ], [ 126.909629663443425, 37.587959517490795 ], [ 126.908400695594892, 37.589420084818734 ], [ 126.907967637208117, 37.591143721541997 ], [ 126.908396469721026, 37.592868028213168 ], [ 126.909621959659219, 37.594330486369799 ], [ 126.911457559147351, 37.595308429509188 ], [ 126.913623793317839, 37.595652954057662 ], [ 126.915790820409839, 37.595311600658739 ], [ 126.917628677800124, 37.594336345684795 ], [ 126.918857546520485, 37.592875683375688 ], [ 126.919290363951163, 37.59115200691766 ] ] ] } },
{ "type": "Feature", "properties": { "station_id": "ST151", "station_name": "샛강", "SWST_NM": "샛강", "hoseon": "9호선, 신림선" }, "geometry": { "type": "Polygon", "coordinates": [ [ [ 126.928848894398996, 37.51261324443125 ], [ 126.926261722054292, 37.513110577137319 ], [ 126.925283551751903, 37.513526270928338 ], [ 126.923721938812236, 37.514768204677608 ], [ 126.923198508039818, 37.515546723639716 ], [ 126.922793909751789, 37.516828886405634 ], [ 126.923008413069581, 37.518578332335508 ], [ 126.92404712668899, 37.520129219219761 ], [ 126.924830518216098, 37.520754192679362 ], [ 126.92625353080345, 37.521434757005174 ], [ 126.928417696560501, 37.521779012174157 ], [ 126.93103681498097, 37.52140889824593 ], [ 126.932983866149044, 37.520581412412334 ], [ 126.934385081684681, 37.519223424945388 ], [ 126.935027150089184, 37.517541698901553 ], [ 126.934812369095496, 37.515792274219997 ], [ 126.933773492514433, 37.514241480705486 ], [ 126.932068711342581, 37.513125394220239 ], [ 126.929957552201131, 37.512613907048411 ], [ 126.928848894398996, 37.51261324443125 ] ] ] } },
{ "type": "Feature", "properties": { "station_id": "ST152", "station_name": "서강대", "SWST_NM": "서강대", "hoseon": "경의중앙선" }, "geometry": { "type": "Polygon", "coordinates": [ [ [ 126.941369395149252, 37.551883945245663 ], [ 126.940940035798178, 37.550159745852447 ], [ 126.939714655226354, 37.548697601937036 ], [ 126.937879828258914, 37.547720091171385 ], [ 126.935714869173964, 37.547376010165621 ], [ 126.93354932122908, 37.547717733562351 ], [ 126.931712817221097, 37.54869324549086 ], [ 126.930484926478243, 37.550154053582638 ], [ 126.930052605712362, 37.551877783595941 ], [ 126.930481723982822, 37.553602021842423 ], [ 126.931707004191082, 37.555064260262483 ], [ 126.933541930303591, 37.556041865824582 ], [ 126.935707129964456, 37.556385986388158 ], [ 126.937872918989925, 37.556044224138148 ], [ 126.9397095233615, 37.555068617705004 ], [ 126.940937314959243, 37.553607714816778 ], [ 126.941369395149252, 37.551883945245663 ] ] ] } },
{ "type": "Feature", "properties": { "station_id": "ST153", "station_name": "서대문", "SWST_NM": "서대문", "hoseon": "5호선" }, "geometry": { "type": "Polygon", "coordinates": [ [ [ 126.972300448167758, 37.565774463466681 ], [ 126.971870296565555, 37.564050380228181 ], [ 126.970644084142577, 37.562588560339854 ], [ 126.968808512317167, 37.561611532117929 ], [ 126.966643008686859, 37.561268018714415 ], [ 126.964477199349133, 37.56161030839209 ], [ 126.962640756885861, 37.562586299110102 ], [ 126.961413241304243, 37.564047425634165 ], [ 126.960981552279534, 37.565771265239292 ], [ 126.961411462756601, 37.56749538752036 ], [ 126.962637575040247, 37.568957302031386 ], [ 126.964473246372393, 37.569934425027483 ], [ 126.966638990865818, 37.570277977839176 ], [ 126.968805041328665, 37.569935649118939 ], [ 126.970641583931268, 37.568959563778229 ], [ 126.971869000006166, 37.567498342480015 ], [ 126.972300448167758, 37.565774463466681 ] ] ] } },
{ "type": "Feature", "properties": { "station_id": "ST154", "station_name": "서빙고", "SWST_NM": "서빙고", "hoseon": "경의중앙선" }, "geometry": { "type": "Polygon", "coordinates": [ [ [ 126.994192959265192, 37.519594413502027 ], [ 126.993762568501197, 37.517870396457049 ], [ 126.992536684406431, 37.516408792489301 ], [ 126.990701958319846, 37.515432097066615 ], [ 126.988537689087224, 37.515088982720407 ], [ 126.986373314980611, 37.515431677000812 ], [ 126.984538290218566, 37.516408016281687 ], [ 126.983311959070548, 37.517869382239709 ], [ 126.982881040888245, 37.519593315653147 ], [ 126.983311191162429, 37.52131737179517 ], [ 126.984536975553198, 37.522779070277046 ], [ 126.986371801126808, 37.523755860265901 ], [ 126.988536310759329, 37.524099013834707 ], [ 126.990700925355782, 37.523756280457285 ], [ 126.992536049821823, 37.522779846662246 ], [ 126.99376228148283, 37.52131838613807 ], [ 126.994192959265192, 37.519594413502027 ] ] ] } },
{ "type": "Feature", "properties": { "station_id": "ST155", "station_name": "서울", "SWST_NM": "서울", "hoseon": "공항철도" }, "geometry": { "type": "Polygon", "coordinates": [ [ [ 126.978618685832089, 37.555691160310644 ], [ 126.978188446477034, 37.553967097110231 ], [ 126.97696227570647, 37.552505340350876 ], [ 126.975126868573739, 37.551528408742378 ], [ 126.972961627601222, 37.551185010738841 ], [ 126.97079613891971, 37.551527417045023 ], [ 126.968960026325504, 37.552503507868884 ], [ 126.967732799629971, 37.55396470273152 ], [ 126.967301314530374, 37.555688568493437 ], [ 126.967731312905187, 37.55741267075674 ], [ 126.968957383646128, 37.558874522118586 ], [ 126.970792890295897, 37.559851548452322 ], [ 126.972958372036359, 37.560194985815095 ], [ 126.975124101698128, 37.559852540446016 ], [ 126.976960314321957, 37.558876355019677 ], [ 126.978187441500452, 37.55741506543179 ], [ 126.978618685832089, 37.555691160310644 ] ] ] } },
{ "type": "Feature", "properties": { "station_id": "ST156", "station_name": "서울대벤처타운", "SWST_NM": "서울대벤처타운", "hoseon": "신림선" }, "geometry": { "type": "Polygon", "coordinates": [ [ [ 126.939587467940214, 37.472004925036117 ], [ 126.939158604382229, 37.470280696225075 ], [ 126.937934561502487, 37.468818515195402 ], [ 126.936101710392762, 37.467840965329572 ], [ 126.933939064613114, 37.467496849248803 ], [ 126.931775815448361, 37.467838546958141 ], [ 126.929941245931161, 37.468814046470911 ], [ 126.928714630963086, 37.470274857248626 ], [ 126.928282732942435, 37.471998604582161 ], [ 126.928711356362484, 37.473722872123759 ], [ 126.929935299256783, 37.475185147380458 ], [ 126.931768249103698, 37.476162791772914 ], [ 126.933931134504249, 37.476506947307449 ], [ 126.936094623806937, 37.476165210867585 ], [ 126.93792929330958, 37.475189617127761 ], [ 126.939155809540466, 37.473728711823448 ], [ 126.939587467940214, 37.472004925036117 ] ] ] } },
{ "type": "Feature", "properties": { "station_id": "ST157", "station_name": "서울대입구(관악구청)", "SWST_NM": "서울대입구(관악구청)", "hoseon": "2호선" }, "geometry": { "type": "Polygon", "coordinates": [ [ [ 126.958392065992584, 37.481249125975516 ], [ 126.957962717750277, 37.479524967799243 ], [ 126.956738157765145, 37.478062983505829 ], [ 126.954904835824976, 37.477085726510282 ], [ 126.952741837121167, 37.476741954849345 ], [ 126.950578406628281, 37.47708399611269 ], [ 126.948743854976669, 37.478059786035836 ], [ 126.94751745437658, 37.479520789884056 ], [ 126.947085934639091, 37.481244603552675 ], [ 126.947515042707053, 37.482968800575563 ], [ 126.948739502838663, 37.484430879170461 ], [ 126.950572923739045, 37.485408230681799 ], [ 126.952736162247191, 37.485752041706803 ], [ 126.954899832914421, 37.485409961596844 ], [ 126.956734484419528, 37.484434077372242 ], [ 126.957960786059431, 37.482972979008196 ], [ 126.958392065992584, 37.481249125975516 ] ] ] } },
{ "type": "Feature", "properties": { "station_id": "ST158", "station_name": "서울숲", "SWST_NM": "서울숲", "hoseon": "수인분당선" }, "geometry": { "type": "Polygon", "coordinates": [ [ [ 127.050364771621858, 37.543614722433425 ], [ 127.04993294963289, 37.541890917918089 ], [ 127.04870557646646, 37.54042990375725 ], [ 127.046869530069458, 37.539454085580566 ], [ 127.044704310152099, 37.539112002376505 ], [ 127.042539499609873, 37.53945572477248 ], [ 127.04070461909069, 37.54043293269514 ], [ 127.039478990993956, 37.541894875623782 ], [ 127.039049227779174, 37.543619006488314 ], [ 127.03948080921333, 37.545342850442466 ], [ 127.040708083089584, 37.546803959327114 ], [ 127.042544229623857, 37.547779872024705 ], [ 127.044709690446879, 37.548121994177691 ], [ 127.046874741543874, 37.547778232342921 ], [ 127.048709721353262, 37.546800929696424 ], [ 127.049935249312725, 37.545338892246889 ], [ 127.050364771621858, 37.543614722433425 ] ] ] } },
{ "type": "Feature", "properties": { "station_id": "ST159", "station_name": "서울역", "SWST_NM": "서울역", "hoseon": "1호선, 4호선, 경의중앙선, 공항철도" }, "geometry": { "type": "Polygon", "coordinates": [ [ [ 126.965522447472054, 37.556216994872671 ], [ 126.965398242603968, 37.557671049762199 ], [ 126.965801160834644, 37.558953584765398 ], [ 126.966654413370605, 37.560087777913331 ], [ 126.967884530406593, 37.5609759446602 ], [ 126.969385572689333, 37.561541586972503 ], [ 126.971028255742311, 37.561735984561921 ], [ 126.972671089058323, 37.561542393190642 ], [ 126.974172569173177, 37.560977487634219 ], [ 126.975030314443529, 37.560417419576218 ], [ 126.976839284447067, 37.558731852940795 ], [ 126.977684733550731, 37.557108058718036 ], [ 126.977793726480201, 37.556229199862841 ], [ 126.977551533857834, 37.554924854378569 ], [ 126.978105485067587, 37.553690039358045 ], [ 126.978187349679573, 37.552369608325584 ], [ 126.977784254538165, 37.551087114093107 ], [ 126.977261604600699, 37.550308160988273 ], [ 126.976146803934341, 37.549328374500767 ], [ 126.975224698482236, 37.548837542186035 ], [ 126.973112237417212, 37.548326828912032 ], [ 126.972003050175559, 37.548326571132137 ], [ 126.970105774096012, 37.548755196057868 ], [ 126.968666930989073, 37.548828283413528 ], [ 126.96662697568803, 37.549500390494252 ], [ 126.96576929275021, 37.550060398572839 ], [ 126.964779647355343, 37.551121979327377 ], [ 126.964137958238908, 37.552803857775132 ], [ 126.964353529681517, 37.554553218606145 ], [ 126.964777648534081, 37.555369253609634 ], [ 126.965522447472054, 37.556216994872671 ] ] ] } },
{ "type": "Feature", "properties": { "station_id": "ST160", "station_name": "서울지방병무청", "SWST_NM": "서울지방병무청", "hoseon": "신림선" }, "geometry": { "type": "Polygon", "coordinates": [ [ [ 126.928363232424914, 37.506049964750517 ], [ 126.927934433475045, 37.504325705220189 ], [ 126.926710055012208, 37.502863416007322 ], [ 126.924876519277035, 37.501885696944569 ], [ 126.922712944044591, 37.501541376381098 ], [ 126.920548662022554, 37.501882865428755 ], [ 126.9187131133897, 37.502858183864809 ], [ 126.917485722049577, 37.504318868737776 ], [ 126.917053368609103, 37.506042564537161 ], [ 126.917481926973053, 37.507766862784621 ], [ 126.918706205176193, 37.509229246315464 ], [ 126.920539839708738, 37.51020706004681 ], [ 126.92270365492142, 37.51055142017394 ], [ 126.924868177529376, 37.510209892409151 ], [ 126.926703826421928, 37.509234479655134 ], [ 126.927931118964679, 37.507773700113553 ], [ 126.928363232424914, 37.506049964750517 ] ] ] } },
{ "type": "Feature", "properties": { "station_id": "ST161", "station_name": "서원", "SWST_NM": "서원", "hoseon": "신림선" }, "geometry": { "type": "Polygon", "coordinates": [ [ [ 126.938689337215507, 37.47823716844168 ], [ 126.938260458882581, 37.476512938180662 ], [ 126.937036332048464, 37.475050749317049 ], [ 126.935203340594711, 37.474073186421762 ], [ 126.933040519442798, 37.473729054094598 ], [ 126.930877086561111, 37.474070734810958 ], [ 126.929042352934744, 37.475046219172036 ], [ 126.927815618440917, 37.476507018950244 ], [ 126.927383663679379, 37.478230761116095 ], [ 126.927812301796919, 37.479955030111526 ], [ 126.929036328606358, 37.481417313221471 ], [ 126.930869418819228, 37.482394970666732 ], [ 126.93303247966233, 37.482739142461462 ], [ 126.935196152759431, 37.482397423010681 ], [ 126.937030986410463, 37.481421844403286 ], [ 126.938257622145144, 37.479960950075089 ], [ 126.938689337215507, 37.47823716844168 ] ] ] } },
{ "type": "Feature", "properties": { "station_id": "ST162", "station_name": "서초", "SWST_NM": "서초", "hoseon": "2호선" }, "geometry": { "type": "Polygon", "coordinates": [ [ [ 127.013570870049136, 37.491896485830694 ], [ 127.013140192812031, 37.490172531322116 ], [ 127.011914383889717, 37.488711121566467 ], [ 127.010080083107582, 37.48773472247553 ], [ 127.007916524552513, 37.487391961497025 ], [ 127.005753038357071, 37.487735012415548 ], [ 127.003918943651172, 37.488711657324558 ], [ 127.002693443180888, 37.490173231360558 ], [ 127.002263129845062, 37.491897243593741 ], [ 127.002693566997181, 37.493621237266169 ], [ 127.003919276535044, 37.495082741485049 ], [ 127.005753676851313, 37.496059235003308 ], [ 127.00791747555337, 37.496402035058978 ], [ 127.010081201833799, 37.496058944976589 ], [ 127.011915395924149, 37.495082205604355 ], [ 127.013140796860284, 37.493620537141048 ], [ 127.013570870049136, 37.491896485830694 ] ] ] } },
{ "type": "Feature", "properties": { "station_id": "ST163", "station_name": "석계", "SWST_NM": "석계", "hoseon": "1호선, 6호선" }, "geometry": { "type": "Polygon", "coordinates": [ [ [ 127.062338435916743, 37.611051585597984 ], [ 127.060598811422224, 37.612751055976304 ], [ 127.060174635550709, 37.6135671726121 ], [ 127.059959459576774, 37.615316559479055 ], [ 127.060602258168444, 37.61699828422438 ], [ 127.062005218127496, 37.618356307068083 ], [ 127.063954762446272, 37.619183859491933 ], [ 127.066154059060679, 37.619354935673918 ], [ 127.068268229361337, 37.618843486554525 ], [ 127.069975363026799, 37.617727388067564 ], [ 127.070930458995207, 37.616652717236541 ], [ 127.071354534731867, 37.615836562466292 ], [ 127.071569445207032, 37.614087155239467 ], [ 127.070926424884306, 37.612405489620194 ], [ 127.069523414814356, 37.61104757151373 ], [ 127.067574021462462, 37.610220109797893 ], [ 127.065374990683949, 37.61004905956429 ], [ 127.063261049374049, 37.610560457403075 ], [ 127.062338435916743, 37.611051585597984 ] ] ] } },
{ "type": "Feature", "properties": { "station_id": "ST164", "station_name": "석촌", "SWST_NM": "석촌", "hoseon": "8호선, 9호선" }, "geometry": { "type": "Polygon", "coordinates": [ [ [ 127.10184863813879, 37.503428837280438 ], [ 127.101203742764028, 37.505120386393692 ], [ 127.101422375892028, 37.50686950796625 ], [ 127.102464616424299, 37.508418825655113 ], [ 127.104171823826974, 37.509532451376799 ], [ 127.106284080024864, 37.510040823986415 ], [ 127.108479766142409, 37.50986653615422 ], [ 127.110424553610429, 37.509036126084595 ], [ 127.111822335040841, 37.507676034700069 ], [ 127.112453328295473, 37.506510710115151 ], [ 127.112668297106097, 37.505644335461312 ], [ 127.112449405304133, 37.503895234750992 ], [ 127.111407021770233, 37.502346004196269 ], [ 127.109699871056307, 37.501232481594201 ], [ 127.107587840144717, 37.50072416895501 ], [ 127.105392419599013, 37.500898440072291 ], [ 127.103447787063956, 37.501728768206426 ], [ 127.10266481714028, 37.502353925377321 ], [ 127.10184863813879, 37.503428837280438 ] ] ] } },
{ "type": "Feature", "properties": { "station_id": "ST165", "station_name": "석촌고분", "SWST_NM": "석촌고분", "hoseon": "9호선" }, "geometry": { "type": "Polygon", "coordinates": [ [ [ 127.10268766518108, 37.50255321986581 ], [ 127.102254878365301, 37.500829595913459 ], [ 127.101027160186732, 37.499369115742354 ], [ 127.099191440966209, 37.498394103691908 ], [ 127.097027170541125, 37.49805297608156 ], [ 127.094863787316967, 37.498397658132973 ], [ 127.09303059479582, 37.499375683723379 ], [ 127.091806658545678, 37.500838177844635 ], [ 127.091378333520993, 37.502562509456276 ], [ 127.091810880475762, 37.5042861730753 ], [ 127.093038500060985, 37.505746747947576 ], [ 127.094874319710414, 37.506721854258998 ], [ 127.097038830756844, 37.507063020473346 ], [ 127.099202453841983, 37.506718298755253 ], [ 127.101035744956491, 37.505740178463682 ], [ 127.102259580777712, 37.504277590081436 ], [ 127.10268766518108, 37.50255321986581 ] ] ] } },
{ "type": "Feature", "properties": { "station_id": "ST166", "station_name": "선릉", "SWST_NM": "선릉", "hoseon": "2호선, 수인분당선" }, "geometry": { "type": "Polygon", "coordinates": [ [ [ 127.04422172615385, 37.50748420418207 ], [ 127.045221704629995, 37.508339858521815 ], [ 127.046143769771689, 37.508830147708501 ], [ 127.048255614043086, 37.509339558389954 ], [ 127.049364223858191, 37.509339100296742 ], [ 127.050973845470665, 37.509017185107943 ], [ 127.052807823085431, 37.508039813087898 ], [ 127.054032637985657, 37.506577724038635 ], [ 127.054434935881019, 37.505295110414217 ], [ 127.054434294670827, 37.504411971102549 ], [ 127.053792604322098, 37.502730179750294 ], [ 127.052199331101221, 37.501098765763338 ], [ 127.050364203334865, 37.500122994721167 ], [ 127.048200103923136, 37.499780972523865 ], [ 127.046036445273089, 37.500124760527314 ], [ 127.044202572771695, 37.501102028662068 ], [ 127.042977655405863, 37.502564017213139 ], [ 127.042548197397778, 37.504288172133926 ], [ 127.042979631951113, 37.506012014899561 ], [ 127.04422172615385, 37.50748420418207 ] ] ] } },
{ "type": "Feature", "properties": { "station_id": "ST167", "station_name": "선유도", "SWST_NM": "선유도", "hoseon": "9호선" }, "geometry": { "type": "Polygon", "coordinates": [ [ [ 126.899182341658005, 37.538024965334046 ], [ 126.898754033007108, 37.536300609889977 ], [ 126.897529703437925, 37.534838026185724 ], [ 126.895695767841545, 37.533859858878287 ], [ 126.893531404894318, 37.533515004519977 ], [ 126.891366067169116, 37.533855955443563 ], [ 126.889529355458805, 37.534830813325982 ], [ 126.888300870640862, 37.536291185340119 ], [ 126.88786765976819, 37.538014763643424 ], [ 126.888295727339056, 37.539739157689795 ], [ 126.889519956214201, 37.541201835754904 ], [ 126.891353990487673, 37.54218009790641 ], [ 126.893518593679445, 37.542524992033663 ], [ 126.895684172484664, 37.542184002507753 ], [ 126.897520984889027, 37.541209050264506 ], [ 126.898749371029851, 37.539748583406286 ], [ 126.899182341658005, 37.538024965334046 ] ] ] } },
{ "type": "Feature", "properties": { "station_id": "ST168", "station_name": "선정릉", "SWST_NM": "선정릉", "hoseon": "9호선, 수인분당선" }, "geometry": { "type": "Polygon", "coordinates": [ [ [ 127.038979291238476, 37.508227560106477 ], [ 127.038129928315257, 37.509858034574044 ], [ 127.038130822489734, 37.511615806733012 ], [ 127.038976100215393, 37.513239500358118 ], [ 127.04053711544131, 37.514481907096425 ], [ 127.042576217663751, 37.515153859604702 ], [ 127.044782932104567, 37.515153043558307 ], [ 127.046821250087334, 37.514479583248999 ], [ 127.048380816364457, 37.513236022629897 ], [ 127.049411604416065, 37.511602598659515 ], [ 127.0496267318115, 37.50985320024693 ], [ 127.048985102566135, 37.508171384287472 ], [ 127.04799583013029, 37.507109910893867 ], [ 127.047138536338963, 37.506549998448925 ], [ 127.046160609779349, 37.506134075609111 ], [ 127.044550647534024, 37.505813462036699 ], [ 127.042354929969306, 37.505986561698762 ], [ 127.040409466134619, 37.506815852036759 ], [ 127.039625916992748, 37.507440591280627 ], [ 127.038979291238476, 37.508227560106477 ] ] ] } },
{ "type": "Feature", "properties": { "station_id": "ST169", "station_name": "성수", "SWST_NM": "성수", "hoseon": "2호선" }, "geometry": { "type": "Polygon", "coordinates": [ [ [ 127.061618843419126, 37.544578183162592 ], [ 127.061186756783343, 37.542854420308373 ], [ 127.059959148355219, 37.541393523552216 ], [ 127.058122931876071, 37.540417880643702 ], [ 127.055957632925399, 37.540076003893176 ], [ 127.053792846418816, 37.540419932510446 ], [ 127.051958089352127, 37.541397315040498 ], [ 127.050732665352299, 37.542859374386452 ], [ 127.050303155831088, 37.544583545749909 ], [ 127.050735001944943, 37.546307348105934 ], [ 127.051962511184811, 37.547768339614684 ], [ 127.053798827912544, 37.548744077021766 ], [ 127.055964367824359, 37.549085992660892 ], [ 127.058129394852884, 37.548742024541824 ], [ 127.059964251107786, 37.547764547259192 ], [ 127.061189574859057, 37.546302393414656 ], [ 127.061618843419126, 37.544578183162592 ] ] ] } },
{ "type": "Feature", "properties": { "station_id": "ST170", "station_name": "성신여대입구(돈암)", "SWST_NM": "성신여대입구(돈암)", "hoseon": "4호선" }, "geometry": { "type": "Polygon", "coordinates": [ [ [ 127.011808264631014, 37.589964742715516 ], [ 127.010888175123256, 37.591733768731174 ], [ 127.010779519402021, 37.592612652822552 ], [ 127.01121073257066, 37.594336585868888 ], [ 127.012438258881843, 37.595797976417401 ], [ 127.014275240231001, 37.596774320447217 ], [ 127.016441991161514, 37.597116957883948 ], [ 127.018608591148819, 37.596773716788505 ], [ 127.020445142676138, 37.595796861040654 ], [ 127.021672025791005, 37.594335128635336 ], [ 127.022068945375807, 37.593344966364896 ], [ 127.022177469390328, 37.592466072027776 ], [ 127.021746014081373, 37.590742178567069 ], [ 127.020518388887922, 37.58928088359017 ], [ 127.018681510235766, 37.588304635455877 ], [ 127.016515004543947, 37.587962038559624 ], [ 127.014348650353242, 37.588305241685262 ], [ 127.012512203167901, 37.589282003795262 ], [ 127.011808264631014, 37.589964742715516 ] ] ] } },
{ "type": "Feature", "properties": { "station_id": "ST171", "station_name": "솔밭공원", "SWST_NM": "솔밭공원", "hoseon": "우이신설선" }, "geometry": { "type": "Polygon", "coordinates": [ [ [ 127.018939292226506, 37.656029226359252 ], [ 127.018507543523143, 37.654305339756469 ], [ 127.017278935526861, 37.652844027125361 ], [ 127.015440534361076, 37.651867739466717 ], [ 127.013272198172061, 37.651525087144201 ], [ 127.011103984015378, 37.651868227356388 ], [ 127.009265930390924, 37.652844928659519 ], [ 127.008037842589687, 37.654306517729331 ], [ 127.007606707594888, 37.656030501466731 ], [ 127.008038214278642, 37.657754427496208 ], [ 127.009266722131741, 37.659215835166059 ], [ 127.011105223693306, 37.660192217803136 ], [ 127.013273802006537, 37.660534909406678 ], [ 127.01544225818283, 37.66019172976781 ], [ 127.01728041195048, 37.659214933425922 ], [ 127.018508399355937, 37.657753249377691 ], [ 127.018939292226506, 37.656029226359252 ] ] ] } },
{ "type": "Feature", "properties": { "station_id": "ST172", "station_name": "솔샘", "SWST_NM": "솔샘", "hoseon": "우이신설선" }, "geometry": { "type": "Polygon", "coordinates": [ [ [ 127.019289574690433, 37.620237210103888 ], [ 127.018858025306116, 37.618513314244488 ], [ 127.017629999912529, 37.617051996227005 ], [ 127.015792475897968, 37.616075707898723 ], [ 127.013625177908168, 37.61573305975211 ], [ 127.011458005034712, 37.616076208361449 ], [ 127.009620837344585, 37.617052920993949 ], [ 127.008393345292518, 37.618514522574074 ], [ 127.007962425126465, 37.620238518071275 ], [ 127.008393732920453, 37.621962453308285 ], [ 127.009621658351321, 37.623423866242256 ], [ 127.01145928258758, 37.624400249425115 ], [ 127.013626822274929, 37.624742936799876 ], [ 127.015794236738714, 37.62439974881292 ], [ 127.017631504391559, 37.623422941263939 ], [ 127.018858896221971, 37.621961244829244 ], [ 127.019289574690433, 37.620237210103888 ] ] ] } },
{ "type": "Feature", "properties": { "station_id": "ST173", "station_name": "송정", "SWST_NM": "송정", "hoseon": "5호선" }, "geometry": { "type": "Polygon", "coordinates": [ [ [ 126.817632072478176, 37.561192876786734 ], [ 126.817205512964563, 37.559468236488634 ], [ 126.815982402631903, 37.558004815918764 ], [ 126.814148970945837, 37.557025387162632 ], [ 126.811984320010225, 37.55667903875969 ], [ 126.809817946251997, 37.557018490393617 ], [ 126.807979608062283, 37.55799207190465 ], [ 126.80674915374307, 37.559451584758342 ], [ 126.806313930042634, 37.561174851968495 ], [ 126.806740247883482, 37.562899530453969 ], [ 126.807963256635333, 37.564363045277119 ], [ 126.809796786337216, 37.565342569140142 ], [ 126.811961677468929, 37.565688957791245 ], [ 126.814128292899909, 37.565349467969945 ], [ 126.815966732670447, 37.564375792205624 ], [ 126.817197088973842, 37.56291618424504 ], [ 126.817632072478176, 37.561192876786734 ] ] ] } },
{ "type": "Feature", "properties": { "station_id": "ST174", "station_name": "송파", "SWST_NM": "송파", "hoseon": "8호선" }, "geometry": { "type": "Polygon", "coordinates": [ [ [ 127.117837447043755, 37.499697495023575 ], [ 127.117404328793071, 37.497973926286214 ], [ 127.116176362870547, 37.496513603255679 ], [ 127.1143405172797, 37.495538826342887 ], [ 127.112176261068711, 37.495197976079339 ], [ 127.110013030473709, 37.495542935482035 ], [ 127.108180105780662, 37.496521196221039 ], [ 127.106956511817231, 37.497983847494261 ], [ 127.106528551455838, 37.499708234326654 ], [ 127.10696142993919, 37.501431842809481 ], [ 127.108189297425781, 37.502892260565517 ], [ 127.110025243574469, 37.503867131694903 ], [ 127.112189740431745, 37.504208020475374 ], [ 127.11435321079405, 37.503863021327206 ], [ 127.116186233923088, 37.502884665862702 ], [ 127.117409727328621, 37.50142192037287 ], [ 127.117837447043755, 37.499697495023575 ] ] ] } },
{ "type": "Feature", "properties": { "station_id": "ST175", "station_name": "송파나루", "SWST_NM": "송파나루", "hoseon": "9호선" }, "geometry": { "type": "Polygon", "coordinates": [ [ [ 127.117871251754678, 37.51036649209852 ], [ 127.11743807043382, 37.508642926711154 ], [ 127.11620992856065, 37.50718260696982 ], [ 127.114373820936834, 37.506207832776745 ], [ 127.112209256491084, 37.505866984241479 ], [ 127.110045718358023, 37.506211944114668 ], [ 127.10821253361604, 37.507190203998114 ], [ 127.106988766671776, 37.5086528532279 ], [ 127.106560746743853, 37.510377237147978 ], [ 127.106993688171016, 37.512100842296221 ], [ 127.108221731556498, 37.513561256799719 ], [ 127.110057939791417, 37.514536125245833 ], [ 127.112222745010413, 37.514877012312901 ], [ 127.114386523037197, 37.514532012678828 ], [ 127.116219806266841, 37.513553658033231 ], [ 127.117443472600016, 37.512090914550399 ], [ 127.117871251754678, 37.51036649209852 ] ] ] } },
{ "type": "Feature", "properties": { "station_id": "ST176", "station_name": "수락산", "SWST_NM": "수락산", "hoseon": "7호선" }, "geometry": { "type": "Polygon", "coordinates": [ [ [ 127.06098294851094, 37.677847205511576 ], [ 127.060550100617348, 37.676123480012386 ], [ 127.059320308761656, 37.67466261157216 ], [ 127.057480819235664, 37.673686983530658 ], [ 127.05531165576852, 37.673345105835331 ], [ 127.053143001268836, 37.67368901779809 ], [ 127.051304961254132, 37.674666370539846 ], [ 127.050077339006862, 37.6761283915977 ], [ 127.049647050744028, 37.677852522101787 ], [ 127.050079656523039, 37.679576287289414 ], [ 127.051309348528022, 37.681037250938829 ], [ 127.053148938958273, 37.682012973938043 ], [ 127.055318344976413, 37.682354890714635 ], [ 127.057487241590707, 37.682010939063446 ], [ 127.059325381456119, 37.681033491112458 ], [ 127.060552902799103, 37.679571375096927 ], [ 127.06098294851094, 37.677847205511576 ] ] ] } },
{ "type": "Feature", "properties": { "station_id": "ST177", "station_name": "수색", "SWST_NM": "수색", "hoseon": "경의중앙선" }, "geometry": { "type": "Polygon", "coordinates": [ [ [ 126.901271580634457, 37.580846870019158 ], [ 126.900842980868191, 37.579122534270368 ], [ 126.899617911512991, 37.577659981787328 ], [ 126.897782900127481, 37.576681852441027 ], [ 126.895617289117482, 37.576337036973669 ], [ 126.893450720949886, 37.576678021786478 ], [ 126.89161298363247, 37.577652903412641 ], [ 126.89038383414011, 37.579113285443121 ], [ 126.889950420766141, 37.580836858541353 ], [ 126.890378778949909, 37.582561232964409 ], [ 126.891603747417932, 37.584023879959851 ], [ 126.893438857709882, 37.585002104292577 ], [ 126.895604709481916, 37.585346959578629 ], [ 126.897771519231981, 37.585005936091534 ], [ 126.899609357436589, 37.584030959952976 ], [ 126.900838408022466, 37.58257048293607 ], [ 126.901271580634457, 37.580846870019158 ] ] ] } },
{ "type": "Feature", "properties": { "station_id": "ST178", "station_name": "수서", "SWST_NM": "수서", "hoseon": "3호선, 수인분당선" }, "geometry": { "type": "Polygon", "coordinates": [ [ [ 127.096198313287317, 37.48506678620393 ], [ 127.095768471552844, 37.487476717969457 ], [ 127.095878225790443, 37.488355518308751 ], [ 127.096724490057028, 37.489978803931216 ], [ 127.098285975736673, 37.491220451878448 ], [ 127.100324960575264, 37.491891410345147 ], [ 127.102530987620867, 37.491889516406232 ], [ 127.10407628297267, 37.491538220214466 ], [ 127.105053173128439, 37.491121045640767 ], [ 127.106611287030375, 37.48987671328328 ], [ 127.107453147995017, 37.488251975293679 ], [ 127.107450630324465, 37.486494198874261 ], [ 127.10659287534034, 37.48424194844911 ], [ 127.105191624458939, 37.482884422104142 ], [ 127.103767722998128, 37.482206009697514 ], [ 127.102706883719094, 37.481950573813855 ], [ 127.10050114892293, 37.481952470614118 ], [ 127.099441003775581, 37.482209730439308 ], [ 127.098018942688611, 37.482890590312714 ], [ 127.096621371407466, 37.484250523791729 ], [ 127.096198313287317, 37.48506678620393 ] ] ] } },
{ "type": "Feature", "properties": { "station_id": "ST179", "station_name": "수유(강북구청)", "SWST_NM": "수유(강북구청)", "hoseon": "4호선" }, "geometry": { "type": "Polygon", "coordinates": [ [ [ 127.031396926130569, 37.638050628491754 ], [ 127.030964993865837, 37.636326782287824 ], [ 127.029736438208488, 37.634865594903616 ], [ 127.027898317268821, 37.633889498279451 ], [ 127.025730446524918, 37.633547073715299 ], [ 127.023562812208525, 37.633890443755945 ], [ 127.021725364601352, 37.634867341977568 ], [ 127.020497816778743, 37.636329065069603 ], [ 127.020067073523435, 37.638053099509733 ], [ 127.020498764032709, 37.63977698518304 ], [ 127.021727219754396, 37.64123826757244 ], [ 127.023565441119075, 37.642214459084876 ], [ 127.025733553821112, 37.642556922836079 ], [ 127.027901429892935, 37.642213513326062 ], [ 127.029738977435798, 37.641236520099241 ], [ 127.030966424833338, 37.639774702118942 ], [ 127.031396926130569, 37.638050628491754 ] ] ] } },
{ "type": "Feature", "properties": { "station_id": "ST180", "station_name": "숙대입구(갈월)", "SWST_NM": "숙대입구(갈월)", "hoseon": "4호선" }, "geometry": { "type": "Polygon", "coordinates": [ [ [ 126.9777638444274, 37.544561200958015 ], [ 126.977333688601334, 37.542837131411851 ], [ 126.976107716709009, 37.541375363081521 ], [ 126.974272593516218, 37.540398416447061 ], [ 126.972107678331653, 37.540055002258015 ], [ 126.969942507717334, 37.540397393685659 ], [ 126.968106657074614, 37.541373473198618 ], [ 126.966879596345365, 37.542834662031318 ], [ 126.966448155946324, 37.544558527954365 ], [ 126.966878070921297, 37.546282636542955 ], [ 126.968103942830908, 37.54774449943568 ], [ 126.969939165477882, 37.548721540759125 ], [ 126.972104321294609, 37.549064994296245 ], [ 126.974269732760035, 37.548722563826182 ], [ 126.976105683385455, 37.547746389750827 ], [ 126.977332644660521, 37.546285106229156 ], [ 126.9777638444274, 37.544561200958015 ] ] ] } },
{ "type": "Feature", "properties": { "station_id": "ST181", "station_name": "숭실대입구(살피재)", "SWST_NM": "숭실대입구(살피재)", "hoseon": "7호선" }, "geometry": { "type": "Polygon", "coordinates": [ [ [ 126.959476180112532, 37.496031074825105 ], [ 126.95904672266046, 37.494306924848139 ], [ 126.957821900517317, 37.492844955297159 ], [ 126.955988203395592, 37.491867717331282 ], [ 126.953824773586774, 37.491523966079697 ], [ 126.951660921658359, 37.491866026021668 ], [ 126.949826022363311, 37.492841830054878 ], [ 126.948599400823909, 37.494302841307999 ], [ 126.948167820505034, 37.496026654559437 ], [ 126.94859703761152, 37.497750843409861 ], [ 126.9498217598385, 37.499212907315368 ], [ 126.951655556003061, 37.500190239845246 ], [ 126.953819225795726, 37.500534030475983 ], [ 126.955983318069727, 37.500191931660538 ], [ 126.957818317280925, 37.499216033272802 ], [ 126.959044839777533, 37.497754927455695 ], [ 126.959476180112532, 37.496031074825105 ] ] ] } },
{ "type": "Feature", "properties": { "station_id": "ST182", "station_name": "시청", "SWST_NM": "시청", "hoseon": "1호선" }, "geometry": { "type": "Polygon", "coordinates": [ [ [ 126.971647935122931, 37.566945760676845 ], [ 126.972096023898033, 37.567837558276437 ], [ 126.972712148135713, 37.56857199820783 ], [ 126.974418797885903, 37.569687488361893 ], [ 126.976531870940974, 37.570198176619577 ], [ 126.978729624086426, 37.570026302949032 ], [ 126.980677413845584, 37.569198037866357 ], [ 126.982078675425626, 37.567839495687053 ], [ 126.982720090448339, 37.566157523943978 ], [ 126.982504056289883, 37.564408199952638 ], [ 126.981794264961536, 37.563212986041108 ], [ 126.980850758861351, 37.562357065134925 ], [ 126.980117187180824, 37.561086051963123 ], [ 126.978556202881663, 37.559842856394631 ], [ 126.977577961241238, 37.559426369372765 ], [ 126.975967146872918, 37.5591048236342 ], [ 126.97376970824773, 37.559276646313521 ], [ 126.972268259233402, 37.559841546922058 ], [ 126.971037421464246, 37.560729077186707 ], [ 126.970420797634844, 37.561463221111609 ], [ 126.969860812665786, 37.562707835187986 ], [ 126.96975171707534, 37.563586685710959 ], [ 126.969994879397788, 37.564894474813826 ], [ 126.970704498105221, 37.566089759254844 ], [ 126.971647935122931, 37.566945760676845 ] ] ] } },
{ "type": "Feature", "properties": { "station_id": "ST183", "station_name": "신금호", "SWST_NM": "신금호", "hoseon": "5호선" }, "geometry": { "type": "Polygon", "coordinates": [ [ [ 127.025989599438631, 37.554546890056969 ], [ 127.025558275460497, 37.552822999380751 ], [ 127.024331198437878, 37.551361734449209 ], [ 127.022495201294234, 37.550385539073346 ], [ 127.020329776279652, 37.550043009646664 ], [ 127.018164537506365, 37.550386284697616 ], [ 127.01632907076754, 37.551363112231506 ], [ 127.015102787647564, 37.552824799634514 ], [ 127.014672400288873, 37.55454883875818 ], [ 127.015103483486257, 37.55627276875525 ], [ 127.016330460933858, 37.557734128392909 ], [ 127.018166558037905, 37.558710418382596 ], [ 127.020332223992824, 37.559052986907318 ], [ 127.022497703546875, 37.558709672535521 ], [ 127.024333269860691, 37.557732750295507 ], [ 127.025559453020307, 37.556270968278668 ], [ 127.025989599438631, 37.554546890056969 ] ] ] } },
{ "type": "Feature", "properties": { "station_id": "ST184", "station_name": "신길", "SWST_NM": "신길", "hoseon": "1호선, 5호선" }, "geometry": { "type": "Polygon", "coordinates": [ [ [ 126.914711695918029, 37.513123072500839 ], [ 126.913202199771746, 37.513310775593908 ], [ 126.911701217098354, 37.513874911050138 ], [ 126.910843532517063, 37.51443452361459 ], [ 126.909853580954646, 37.515495650165292 ], [ 126.909428313812612, 37.516311237741718 ], [ 126.909183196296624, 37.517618786697099 ], [ 126.90942515264679, 37.518926709368422 ], [ 126.91013336947276, 37.520122365555231 ], [ 126.911246871400294, 37.521102778652782 ], [ 126.91216821557137, 37.52159411201125 ], [ 126.914279505585469, 37.522105916525426 ], [ 126.916475988177623, 37.521935198796371 ], [ 126.917992499372644, 37.521361921478437 ], [ 126.919502145854565, 37.521174157598985 ], [ 126.921003216293329, 37.520609923810042 ], [ 126.922564996131513, 37.51936802742263 ], [ 126.923411175979297, 37.517744611607171 ], [ 126.923412972397372, 37.515986842461004 ], [ 126.922570168305896, 37.514362324501363 ], [ 126.921011112989589, 37.513118360249855 ], [ 126.918973158659043, 37.51244430981189 ], [ 126.916766525634927, 37.51244277550424 ], [ 126.914711695918029, 37.513123072500839 ] ] ] } },
{ "type": "Feature", "properties": { "station_id": "ST185", "station_name": "신내", "SWST_NM": "신내", "hoseon": "6호선, 경의중앙선" }, "geometry": { "type": "Polygon", "coordinates": [ [ [ 127.102107161092519, 37.608469583482254 ], [ 127.099556169671629, 37.609203281110481 ], [ 127.098633812218168, 37.609694692834189 ], [ 127.097233887840417, 37.611054607623153 ], [ 127.096594667081419, 37.612737186508227 ], [ 127.09681351274763, 37.614486284367146 ], [ 127.097857163118775, 37.616035612441607 ], [ 127.099566763200585, 37.617149280998142 ], [ 127.101682030604636, 37.617657722284541 ], [ 127.103880887781614, 37.617483518462734 ], [ 127.106369533975212, 37.616629922845192 ], [ 127.107930236011114, 37.615385595624517 ], [ 127.108452440418958, 37.614606272094726 ], [ 127.108854382206772, 37.613323497064862 ], [ 127.108635258056452, 37.611574421614037 ], [ 127.10759144687411, 37.610025187928194 ], [ 127.106805593889803, 37.609401439083605 ], [ 127.105379266654907, 37.608723064383206 ], [ 127.103211774243931, 37.608382061327411 ], [ 127.102107161092519, 37.608469583482254 ] ] ] } },
{ "type": "Feature", "properties": { "station_id": "ST186", "station_name": "신논현", "SWST_NM": "신논현", "hoseon": "9호선, 신분당선" }, "geometry": { "type": "Polygon", "coordinates": [ [ [ 127.030714827108596, 37.504596665017615 ], [ 127.030283682686587, 37.502872776905768 ], [ 127.029057332068206, 37.501411548384219 ], [ 127.027222497525557, 37.500435417755703 ], [ 127.025058494356983, 37.500092971595961 ], [ 127.022894720336282, 37.500436335777763 ], [ 127.021060538394025, 37.501413244727296 ], [ 127.019835164578836, 37.502874993401122 ], [ 127.019405172556162, 37.504599064283433 ], [ 127.019836076809682, 37.506322991671034 ], [ 127.021062328143415, 37.507784314738146 ], [ 127.022897262444815, 37.508760539798558 ], [ 127.025061505978229, 37.509103024959572 ], [ 127.027225520167434, 37.508759621502037 ], [ 127.02905980139434, 37.507782618006935 ], [ 127.030285075450763, 37.506320774901219 ], [ 127.030714827108596, 37.504596665017615 ] ] ] } },
{ "type": "Feature", "properties": { "station_id": "ST187", "station_name": "신답", "SWST_NM": "신답", "hoseon": "2호선" }, "geometry": { "type": "Polygon", "coordinates": [ [ [ 127.052140769574365, 37.570037635981819 ], [ 127.051708753475182, 37.568313845838496 ], [ 127.050480911651803, 37.566852857030845 ], [ 127.048644193424437, 37.565877071308172 ], [ 127.046478200751352, 37.565535022699393 ], [ 127.044312634103406, 37.56587877655906 ], [ 127.042477129172084, 37.56685600803403 ], [ 127.041251103393392, 37.568317963038496 ], [ 127.040821229802276, 37.570042092682719 ], [ 127.04125300503928, 37.571765922312196 ], [ 127.042480747459408, 37.573227005938357 ], [ 127.044317565971596, 37.574202886268509 ], [ 127.04648379987205, 37.574544973853953 ], [ 127.048649607382217, 37.57420118050814 ], [ 127.050485211716776, 37.573223854214646 ], [ 127.051711137210631, 37.571761804602708 ], [ 127.052140769574365, 37.570037635981819 ] ] ] } },
{ "type": "Feature", "properties": { "station_id": "ST188", "station_name": "신당", "SWST_NM": "신당", "hoseon": "2호선, 6호선" }, "geometry": { "type": "Polygon", "coordinates": [ [ [ 127.016891135888088, 37.561693208635702 ], [ 127.015590339887481, 37.561670785694567 ], [ 127.013979433956735, 37.561992216131081 ], [ 127.012555080988889, 37.562672038815109 ], [ 127.011439933615293, 37.563651716478645 ], [ 127.010730030022529, 37.564846889645217 ], [ 127.010486522386927, 37.566154638340457 ], [ 127.01073040518223, 37.567462342950833 ], [ 127.011155103039314, 37.568278209557192 ], [ 127.012556249973144, 37.569636831967749 ], [ 127.013980989609465, 37.570316333582454 ], [ 127.01504277924542, 37.570572562132945 ], [ 127.01725112826972, 37.570572260089371 ], [ 127.018868987274288, 37.570100805527105 ], [ 127.020719325496984, 37.570058227955606 ], [ 127.022283024324068, 37.569612563034219 ], [ 127.023989721577891, 37.568497120528022 ], [ 127.025030182432346, 37.566946702565829 ], [ 127.025246037620178, 37.565197364687869 ], [ 127.024604480617057, 37.563515432031991 ], [ 127.023203229640302, 37.562156951228729 ], [ 127.021255623423897, 37.5613287168716 ], [ 127.019058135909816, 37.561156801679388 ], [ 127.017970116180194, 37.561329262652229 ], [ 127.016891135888088, 37.561693208635702 ] ] ] } },
{ "type": "Feature", "properties": { "station_id": "ST189", "station_name": "신대방", "SWST_NM": "신대방", "hoseon": "2호선" }, "geometry": { "type": "Polygon", "coordinates": [ [ [ 126.918802529964694, 37.487466020718962 ], [ 126.918374056353656, 37.485741721423594 ], [ 126.917150167144271, 37.484279329086895 ], [ 126.915317210092454, 37.483301459259692 ], [ 126.913154214913234, 37.482956963252811 ], [ 126.910990426062384, 37.483298278882167 ], [ 126.909155208677603, 37.484273452309353 ], [ 126.907927936233335, 37.485734042640644 ], [ 126.90749547119637, 37.487457708749545 ], [ 126.90792370440505, 37.489182046683403 ], [ 126.9091474933564, 37.490644533252663 ], [ 126.910980549024274, 37.491622497706324 ], [ 126.913143783925719, 37.491967033302686 ], [ 126.915307813178885, 37.491625679034854 ], [ 126.917143130821728, 37.490650411375107 ], [ 126.918370304649955, 37.489189726417337 ], [ 126.918802529964694, 37.487466020718962 ] ] ] } },
{ "type": "Feature", "properties": { "station_id": "ST190", "station_name": "신대방삼거리", "SWST_NM": "신대방삼거리", "hoseon": "7호선" }, "geometry": { "type": "Polygon", "coordinates": [ [ [ 126.933930454548019, 37.499704297752857 ], [ 126.933501563607948, 37.497980056484636 ], [ 126.932277179907175, 37.496517823392637 ], [ 126.930443726465526, 37.495540189767624 ], [ 126.928280308524961, 37.495195970959031 ], [ 126.926116234858398, 37.495537562596013 ], [ 126.924280913945466, 37.496512968842239 ], [ 126.923053735039602, 37.49797371337597 ], [ 126.922621546411278, 37.499697431596424 ], [ 126.923050196862491, 37.501421711603335 ], [ 126.924274480387595, 37.50288403900425 ], [ 126.926108032648258, 37.503861767263565 ], [ 126.928271690515743, 37.504206025596318 ], [ 126.930436004671122, 37.503864395220646 ], [ 126.932271425759751, 37.502888894665489 ], [ 126.933498505846572, 37.50142805549747 ], [ 126.933930454548019, 37.499704297752857 ] ] ] } },
{ "type": "Feature", "properties": { "station_id": "ST191", "station_name": "신도림", "SWST_NM": "신도림", "hoseon": "1호선, 2호선" }, "geometry": { "type": "Polygon", "coordinates": [ [ [ 126.88615984298923, 37.506658648850788 ], [ 126.885456759837794, 37.508514107993228 ], [ 126.885455410373709, 37.50939724532018 ], [ 126.886093379416963, 37.511079944970547 ], [ 126.887491186283228, 37.51244006027526 ], [ 126.889436038799232, 37.513270504285444 ], [ 126.891631819672583, 37.513444830907659 ], [ 126.893744185899976, 37.512936496028907 ], [ 126.895451501844434, 37.511822901234062 ], [ 126.896493832899807, 37.510273602961817 ], [ 126.896771295199343, 37.509233621135159 ], [ 126.896772511342562, 37.508350483451331 ], [ 126.896134325525111, 37.50666784036757 ], [ 126.894736468965576, 37.505307825933521 ], [ 126.892791763877469, 37.504477468301332 ], [ 126.890596242857697, 37.504303163385593 ], [ 126.888484098838333, 37.504811443068654 ], [ 126.886776839592059, 37.505924938573791 ], [ 126.88615984298923, 37.506658648850788 ] ] ] } },
{ "type": "Feature", "properties": { "station_id": "ST192", "station_name": "신림", "SWST_NM": "신림", "hoseon": "2호선, 신림선" }, "geometry": { "type": "Polygon", "coordinates": [ [ [ 126.92407093323861, 37.484050386197637 ], [ 126.924070297769646, 37.485802056071378 ], [ 126.924912814491449, 37.487426570886925 ], [ 126.92647140125672, 37.488670488562654 ], [ 126.928508777525877, 37.489344411749663 ], [ 126.930714731511458, 37.489345726016374 ], [ 126.932753370381462, 37.488674231187176 ], [ 126.934314289907988, 37.487432171870289 ], [ 126.935159854097535, 37.485808662496382 ], [ 126.93534144478626, 37.483762641740796 ], [ 126.934702601586764, 37.482080199295716 ], [ 126.933304502328184, 37.480720635279653 ], [ 126.93188219747438, 37.480040151896496 ], [ 126.930821975094688, 37.479783172944146 ], [ 126.928616302241693, 37.479781860965893 ], [ 126.927555599759245, 37.480037578334894 ], [ 126.926132021993482, 37.480716368854942 ], [ 126.92473137770456, 37.482074267905197 ], [ 126.924306462427325, 37.482889914064565 ], [ 126.92407093323861, 37.484050386197637 ] ] ] } },
{ "type": "Feature", "properties": { "station_id": "ST193", "station_name": "신목동", "SWST_NM": "신목동", "hoseon": "9호선" }, "geometry": { "type": "Polygon", "coordinates": [ [ [ 126.888737812497254, 37.544282466476638 ], [ 126.888309709030779, 37.542558075304484 ], [ 126.887085481722082, 37.541095385031731 ], [ 126.885251529922186, 37.54011705653997 ], [ 126.883087034789156, 37.539772010910603 ], [ 126.880921469012762, 37.540112769581391 ], [ 126.879084468079668, 37.541087463487479 ], [ 126.877855676870752, 37.54254772476515 ], [ 126.87742218906925, 37.544271262440255 ], [ 126.877850051340559, 37.545995692166237 ], [ 126.879074177825316, 37.547458476797402 ], [ 126.880908228233807, 37.548436900178245 ], [ 126.883072963644381, 37.548781985642627 ], [ 126.885238770615956, 37.548441188417996 ], [ 126.887075872372975, 37.547466400153503 ], [ 126.888304564973339, 37.546006043986758 ], [ 126.888737812497254, 37.544282466476638 ] ] ] } },
{ "type": "Feature", "properties": { "station_id": "ST194", "station_name": "신반포", "SWST_NM": "신반포", "hoseon": "9호선" }, "geometry": { "type": "Polygon", "coordinates": [ [ [ 127.001579738607163, 37.503415059723025 ], [ 127.001149270835072, 37.501691064858264 ], [ 126.999923507263603, 37.500229533538892 ], [ 126.998089080850733, 37.499252950181024 ], [ 126.995925244821777, 37.49890997027088 ], [ 126.993761371532756, 37.49925280090568 ], [ 126.991926839005231, 37.500229257704355 ], [ 126.990700916602819, 37.501690704444151 ], [ 126.990270261447378, 37.503414669589439 ], [ 126.990700488950779, 37.505138703568726 ], [ 126.991926152967778, 37.506600329363579 ], [ 126.993760678858024, 37.50757700721541 ], [ 126.995924755123738, 37.507920026284722 ], [ 126.998088868681421, 37.50757715653539 ], [ 126.999923500763444, 37.506600605261241 ], [ 127.001149323688466, 37.505139064027468 ], [ 127.001579738607163, 37.503415059723025 ] ] ] } },
{ "type": "Feature", "properties": { "station_id": "ST195", "station_name": "신방화", "SWST_NM": "신방화", "hoseon": "9호선" }, "geometry": { "type": "Polygon", "coordinates": [ [ [ 126.822260554145089, 37.567540656186601 ], [ 126.821833852266309, 37.565816034101324 ], [ 126.820610547938699, 37.5643526625528 ], [ 126.818776900159307, 37.563373306156471 ], [ 126.816612043914006, 37.563027042433198 ], [ 126.814445506865937, 37.563366578178481 ], [ 126.812607072253044, 37.564340230434773 ], [ 126.811376603059529, 37.565799789904332 ], [ 126.810941448314324, 37.56752307250661 ], [ 126.811367908462486, 37.569247732813629 ], [ 126.812591111221295, 37.570711198647828 ], [ 126.814424857091353, 37.571690650162459 ], [ 126.816589953626647, 37.572036954117685 ], [ 126.818756732405348, 37.571697380150688 ], [ 126.820595268587013, 37.570723633608729 ], [ 126.821825639689862, 37.569263979020839 ], [ 126.822260554145089, 37.567540656186601 ] ] ] } },
{ "type": "Feature", "properties": { "station_id": "ST196", "station_name": "신사", "SWST_NM": "신사", "hoseon": "3호선, 신분당선" }, "geometry": { "type": "Polygon", "coordinates": [ [ [ 127.025769712771691, 37.516332901472637 ], [ 127.025338614391941, 37.514608998727347 ], [ 127.024112167992257, 37.513147721812281 ], [ 127.022277110449153, 37.512171516391341 ], [ 127.02011279100843, 37.511828980415579 ], [ 127.017948655567366, 37.512172253421959 ], [ 127.016114122045153, 37.513149083715049 ], [ 127.014888459992633, 37.514610778232445 ], [ 127.014458286959112, 37.516334827714303 ], [ 127.014889145011622, 37.518058769724909 ], [ 127.016115492022209, 37.519520141214578 ], [ 127.01795064933512, 37.520496441118844 ], [ 127.020115209260794, 37.520839016139618 ], [ 127.022279585029082, 37.520495703867901 ], [ 127.024114217940408, 37.519518779000229 ], [ 127.025339780223121, 37.518056989999494 ], [ 127.025769712771691, 37.516332901472637 ] ] ] } },
{ "type": "Feature", "properties": { "station_id": "ST197", "station_name": "신설동", "SWST_NM": "신설동", "hoseon": "1호선, 2호선, 우이신설선" }, "geometry": { "type": "Polygon", "coordinates": [ [ [ 127.030051023871749, 37.577354469609368 ], [ 127.030565052682917, 37.575187240511255 ], [ 127.030564691736544, 37.574304111404928 ], [ 127.03016058046785, 37.573021801059703 ], [ 127.029637231986143, 37.572243082904244 ], [ 127.028521418679333, 37.571263794864151 ], [ 127.027598699390978, 37.570773373571946 ], [ 127.026034697950536, 37.570328348764512 ], [ 127.02493049825263, 37.570242025241768 ], [ 127.022764696070098, 37.570585383668401 ], [ 127.020928793961474, 37.57156227949352 ], [ 127.020174234674471, 37.572312648684978 ], [ 127.018865862312808, 37.57323785556337 ], [ 127.018249604839781, 37.573972247690755 ], [ 127.017825186188304, 37.574788217600954 ], [ 127.017581770310159, 37.576095978701836 ], [ 127.018013044932829, 37.577819891720289 ], [ 127.019240432874113, 37.579281215663599 ], [ 127.021077097063298, 37.580257456659844 ], [ 127.023243400332177, 37.580599970336252 ], [ 127.026278591857533, 37.580358633531077 ], [ 127.028226123753015, 37.579529585436397 ], [ 127.029626714846614, 37.578170481436786 ], [ 127.030051023871749, 37.577354469609368 ] ] ] } },
{ "type": "Feature", "properties": { "station_id": "ST198", "station_name": "신용산", "SWST_NM": "신용산", "hoseon": "4호선" }, "geometry": { "type": "Polygon", "coordinates": [ [ [ 126.973550681598468, 37.529171402311292 ], [ 126.973120710956294, 37.527447312983512 ], [ 126.97189507303716, 37.525985497228206 ], [ 126.970060381754649, 37.525008482758942 ], [ 126.967895930688073, 37.524664990661861 ], [ 126.965731185784932, 37.525007305968764 ], [ 126.96389565767204, 37.525983322727285 ], [ 126.962668767196845, 37.527444471712059 ], [ 126.962237318831455, 37.52916832675087 ], [ 126.962667048789157, 37.530892455076149 ], [ 126.963892586761688, 37.532354365331528 ], [ 126.965727377382834, 37.533331474446548 ], [ 126.967892068882037, 37.533675005892881 ], [ 126.970057054469663, 37.533332651588438 ], [ 126.971892682529131, 37.532356540329893 ], [ 126.97311947366569, 37.530895296699349 ], [ 126.973550681598468, 37.529171402311292 ] ] ] } },
{ "type": "Feature", "properties": { "station_id": "ST199", "station_name": "신이문", "SWST_NM": "신이문", "hoseon": "1호선" }, "geometry": { "type": "Polygon", "coordinates": [ [ [ 127.072987176631173, 37.601850634231305 ], [ 127.072554494930415, 37.600126930349624 ], [ 127.071325722509926, 37.598666167165526 ], [ 127.069487950355779, 37.597690712045249 ], [ 127.06732094080003, 37.597349048673124 ], [ 127.065154549024768, 37.597693183769934 ], [ 127.06331853627529, 37.598670734477231 ], [ 127.062092397307268, 37.600132898142846 ], [ 127.061662822464768, 37.601857094123673 ], [ 127.062095263006498, 37.603580837651059 ], [ 127.063323936065245, 37.605041695810101 ], [ 127.065161808859671, 37.606017245599517 ], [ 127.067329060103987, 37.606358947879095 ], [ 127.069495693038277, 37.606014773136557 ], [ 127.071331805149541, 37.605037127454324 ], [ 127.072557843477242, 37.603574869119569 ], [ 127.072987176631173, 37.601850634231305 ] ] ] } },
{ "type": "Feature", "properties": { "station_id": "ST200", "station_name": "신정(은행정)", "SWST_NM": "신정(은행정)", "hoseon": "5호선" }, "geometry": { "type": "Polygon", "coordinates": [ [ [ 126.861847350275397, 37.525003751913395 ], [ 126.861419975078277, 37.523279259016135 ], [ 126.860196587671609, 37.52181628683352 ], [ 126.85836345957334, 37.520837539193039 ], [ 126.856199646616062, 37.520492000988902 ], [ 126.85403451770712, 37.520832268623018 ], [ 126.852197641851262, 37.521806547748525 ], [ 126.850968644853126, 37.523266533620671 ], [ 126.850534651649909, 37.524989977192007 ], [ 126.850961785777059, 37.52671450846838 ], [ 126.852185072201451, 37.528177574881823 ], [ 126.854018298559183, 37.529156417405694 ], [ 126.856182351458628, 37.529501995564367 ], [ 126.858347721437553, 37.529161689551138 ], [ 126.860184698275674, 37.528187316194789 ], [ 126.86141359701432, 37.526727235439282 ], [ 126.861847350275397, 37.525003751913395 ] ] ] } },
{ "type": "Feature", "properties": { "station_id": "ST201", "station_name": "신정네거리", "SWST_NM": "신정네거리", "hoseon": "2호선" }, "geometry": { "type": "Polygon", "coordinates": [ [ [ 126.858567977830191, 37.520080908194053 ], [ 126.858140705862425, 37.518356402200489 ], [ 126.856917462651424, 37.516893395125081 ], [ 126.855084497764011, 37.515914596112722 ], [ 126.852920842197392, 37.515568997880585 ], [ 126.850755840913038, 37.515909205966928 ], [ 126.848919043495997, 37.516883435085113 ], [ 126.847690063807875, 37.518343388098259 ], [ 126.847256024138673, 37.520066820959336 ], [ 126.847683055082342, 37.521791365307102 ], [ 126.848906197304615, 37.523254466588966 ], [ 126.850739260396409, 37.524233360475193 ], [ 126.852903155833815, 37.524578998672759 ], [ 126.855068398142222, 37.524238752232222 ], [ 126.856905296548049, 37.523264428907559 ], [ 126.858134178031747, 37.521804381020566 ], [ 126.858567977830191, 37.520080908194053 ] ] ] } },
{ "type": "Feature", "properties": { "station_id": "ST202", "station_name": "신촌(2호선)", "SWST_NM": "신촌", "hoseon": "2호선" }, "geometry": { "type": "Polygon", "coordinates": [ [ [ 126.942584640998945, 37.555133887226603 ], [ 126.942155235100046, 37.553409693164845 ], [ 126.940929777649387, 37.551947562601875 ], [ 126.93909485517716, 37.550970071173865 ], [ 126.936929796495278, 37.550626012545095 ], [ 126.934764160014623, 37.550967757951945 ], [ 126.932927592003452, 37.551943288175295 ], [ 126.931699671532897, 37.553404108064399 ], [ 126.931267359846473, 37.555127841583349 ], [ 126.931696524630766, 37.556852074509635 ], [ 126.932921881713284, 37.558314299591146 ], [ 126.93475690335805, 37.559291885824038 ], [ 126.936922202659304, 37.559635984008594 ], [ 126.939088080254521, 37.559294199737195 ], [ 126.940924748633876, 37.558318574995305 ], [ 126.942152569931892, 37.556857660301326 ], [ 126.942584640998945, 37.555133887226603 ] ] ] } },
{ "type": "Feature", "properties": { "station_id": "ST203", "station_name": "신촌(경의중앙선)", "SWST_NM": "신촌", "hoseon": "경의중앙선" }, "geometry": { "type": "Polygon", "coordinates": [ [ [ 126.948255989564515, 37.559735615706785 ], [ 126.947826426691762, 37.558011443497627 ], [ 126.946600783122648, 37.5565493727918 ], [ 126.944765673715551, 37.555571970106563 ], [ 126.942600455724957, 37.555228015595283 ], [ 126.940434711798346, 37.555569864648675 ], [ 126.938598104554544, 37.556545482276555 ], [ 126.937370219044183, 37.558006360027839 ], [ 126.936938011205044, 37.559730113058272 ], [ 126.937367332930549, 37.561454324169588 ], [ 126.938592876162403, 37.562916489422648 ], [ 126.940428084818421, 37.563893986915737 ], [ 126.942593543505495, 37.564237980958318 ], [ 126.944759528579368, 37.563896093002747 ], [ 126.946596236160445, 37.562920380827642 ], [ 126.947824022421827, 37.561459408268504 ], [ 126.948255989564515, 37.559735615706785 ] ] ] } },
{ "type": "Feature", "properties": { "station_id": "ST204", "station_name": "신풍", "SWST_NM": "신풍", "hoseon": "7호선" }, "geometry": { "type": "Polygon", "coordinates": [ [ [ 126.915584480686633, 37.500084175921039 ], [ 126.915156009543566, 37.498359868648492 ], [ 126.913931977713389, 37.49689744592947 ], [ 126.912098754684862, 37.495919527932472 ], [ 126.90993541065879, 37.495574973290786 ], [ 126.90777124317006, 37.49591622873924 ], [ 126.905935674965363, 37.496891349601455 ], [ 126.904708132908112, 37.49835190299401 ], [ 126.904275520518055, 37.500075553424956 ], [ 126.904703751096321, 37.50179989933617 ], [ 126.905927682575623, 37.503262416323587 ], [ 126.907761004251356, 37.504240428997555 ], [ 126.909924588136519, 37.504585023264305 ], [ 126.912088996190036, 37.504243729177183 ], [ 126.913924664745608, 37.503268514046574 ], [ 126.915152108155667, 37.501807865977035 ], [ 126.915584480686633, 37.500084175921039 ] ] ] } },
{ "type": "Feature", "properties": { "station_id": "ST205", "station_name": "쌍문", "SWST_NM": "쌍문", "hoseon": "4호선" }, "geometry": { "type": "Polygon", "coordinates": [ [ [ 127.040374728720082, 37.648625197018276 ], [ 127.039942527586433, 37.64690138692746 ], [ 127.038713621851983, 37.645440295839656 ], [ 127.036875122915887, 37.644464341022626 ], [ 127.034706903772928, 37.644122082184047 ], [ 127.032539003660304, 37.644465616645903 ], [ 127.030701413305124, 37.645442652966672 ], [ 127.029473867522029, 37.646904466823734 ], [ 127.029043270813034, 37.648628530880089 ], [ 127.029475230100232, 37.6503523805046 ], [ 127.030704035932146, 37.65181356665434 ], [ 127.032542635431099, 37.652789616375543 ], [ 127.034711096694011, 37.653131914366959 ], [ 127.036879238653029, 37.652788340371423 ], [ 127.038716928910759, 37.651811208988725 ], [ 127.039944374131011, 37.650349300227475 ], [ 127.040374728720082, 37.648625197018276 ] ] ] } },
{ "type": "Feature", "properties": { "station_id": "ST206", "station_name": "아차산(어린이대공원후문)", "SWST_NM": "아차산(어린이대공원후문)", "hoseon": "5호선" }, "geometry": { "type": "Polygon", "coordinates": [ [ [ 127.095419376362045, 37.551686562960114 ], [ 127.094986470291275, 37.54996292690933 ], [ 127.093758086131643, 37.548502384275487 ], [ 127.091921255660608, 37.547527268874433 ], [ 127.089755597855387, 37.547186012719713 ], [ 127.087590762216976, 37.547530560579034 ], [ 127.085756273231681, 37.548508466765696 ], [ 127.084531393775379, 37.549970874482675 ], [ 127.084102622434997, 37.551695165883864 ], [ 127.084535288032683, 37.553418841631618 ], [ 127.085763573289782, 37.554879479118775 ], [ 127.087600504364616, 37.555854688965702 ], [ 127.089766403347582, 37.556195983833739 ], [ 127.091931479459092, 37.55585139627744 ], [ 127.093766067346905, 37.554873395237465 ], [ 127.094990846199423, 37.553410893074613 ], [ 127.095419376362045, 37.551686562960114 ] ] ] } },
{ "type": "Feature", "properties": { "station_id": "ST207", "station_name": "아현", "SWST_NM": "아현", "hoseon": "2호선" }, "geometry": { "type": "Polygon", "coordinates": [ [ [ 126.96179981006334, 37.557346966441813 ], [ 126.961369948740114, 37.555622842631202 ], [ 126.960144079506051, 37.554160911783427 ], [ 126.958308851544629, 37.553183719118692 ], [ 126.956143640133789, 37.552840012825108 ], [ 126.95397802691393, 37.553182110521313 ], [ 126.952141654622608, 37.554157939378825 ], [ 126.950914072571479, 37.555618958793723 ], [ 126.950482190524582, 37.557342762346295 ], [ 126.95091181078196, 37.559066925129954 ], [ 126.95213757981891, 37.560528950547642 ], [ 126.953972907146024, 37.561506237981369 ], [ 126.956138359278299, 37.561849983728671 ], [ 126.958304213563963, 37.561507847059431 ], [ 126.960140686052426, 37.560531923632013 ], [ 126.961368168737891, 37.559070809448102 ], [ 126.96179981006334, 37.557346966441813 ] ] ] } },
{ "type": "Feature", "properties": { "station_id": "ST208", "station_name": "안국", "SWST_NM": "안국", "hoseon": "3호선" }, "geometry": { "type": "Polygon", "coordinates": [ [ [ 126.99110325883008, 37.576477562280665 ], [ 126.990672612310306, 37.574753550592632 ], [ 126.98944585696681, 37.573291928540939 ], [ 126.987609776845446, 37.572315194305716 ], [ 126.985443876877127, 37.571972026283476 ], [ 126.983277843454545, 37.572314660174833 ], [ 126.981441383262776, 37.573290941561169 ], [ 126.980214059035191, 37.574752260973796 ], [ 126.979782741365227, 37.57647616632093 ], [ 126.980213146706006, 37.578200217169801 ], [ 126.981439802035496, 37.579661933923703 ], [ 126.983275981894721, 37.580638762927194 ], [ 126.985442122927608, 37.580981970269839 ], [ 126.987608397529186, 37.580639297217658 ], [ 126.989444957734946, 37.579662921129142 ], [ 126.990672182224714, 37.578201506948226 ], [ 126.99110325883008, 37.576477562280665 ] ] ] } },
{ "type": "Feature", "properties": { "station_id": "ST209", "station_name": "안암(고대병원앞)", "SWST_NM": "안암(고대병원앞)", "hoseon": "6호선" }, "geometry": { "type": "Polygon", "coordinates": [ [ [ 127.034665999593003, 37.586270473213141 ], [ 127.034234292156711, 37.584546623702252 ], [ 127.033006524752025, 37.583085457131162 ], [ 127.031169635422813, 37.582109402308539 ], [ 127.029003252194585, 37.581767034210586 ], [ 127.026837134969512, 37.582110466805482 ], [ 127.025001003202661, 37.583087424133971 ], [ 127.023774369706757, 37.584549193850059 ], [ 127.023344000017744, 37.586273255293165 ], [ 127.023775466329568, 37.587997144217567 ], [ 127.025003134085267, 37.589458405623333 ], [ 127.026840123613951, 37.590434555148924 ], [ 127.029006748194647, 37.590776962342396 ], [ 127.031173106544202, 37.590433490333979 ], [ 127.033009337960038, 37.589456438170799 ], [ 127.034235871256456, 37.587994573751764 ], [ 127.034665999593003, 37.586270473213141 ] ] ] } },
{ "type": "Feature", "properties": { "station_id": "ST210", "station_name": "암사", "SWST_NM": "암사", "hoseon": "8호선" }, "geometry": { "type": "Polygon", "coordinates": [ [ [ 127.133220257049871, 37.550203751702163 ], [ 127.132786489581136, 37.548480255357461 ], [ 127.13155739340128, 37.54702010686276 ], [ 127.129720108607074, 37.546045580012425 ], [ 127.127554323266438, 37.54570501723834 ], [ 127.125389706268365, 37.546050257792679 ], [ 127.123555748849398, 37.547028750576615 ], [ 127.122331633038584, 37.548491549506338 ], [ 127.121903741240658, 37.550215977157329 ], [ 127.122337268403513, 37.551939513403767 ], [ 127.123566266046765, 37.553399756831872 ], [ 127.125403651795111, 37.55437437803657 ], [ 127.127569678443066, 37.554714979314504 ], [ 127.129734535747005, 37.554369698858423 ], [ 127.131568591702575, 37.553391111141089 ], [ 127.132792606559264, 37.55192821785699 ], [ 127.133220257049871, 37.550203751702163 ] ] ] } },
{ "type": "Feature", "properties": { "station_id": "ST211", "station_name": "암사역사공원", "SWST_NM": "암사역사공원", "hoseon": "8호선" }, "geometry": { "type": "Polygon", "coordinates": [ [ [ 127.142678764418591, 37.556943297449003 ], [ 127.142244739693353, 37.555219838342225 ], [ 127.141015348216484, 37.553759790563454 ], [ 127.139177775028713, 37.552785412564361 ], [ 127.137011752076603, 37.552445024115237 ], [ 127.134846984397967, 37.552790437938071 ], [ 127.133012986159841, 37.553769076568763 ], [ 127.13178894561797, 37.555231971729313 ], [ 127.131361233744713, 37.556956431345199 ], [ 127.131795018121451, 37.558679930415096 ], [ 127.133024311118632, 37.560140073171674 ], [ 127.134861985383566, 37.5611145455266 ], [ 127.137028249760093, 37.561454972437161 ], [ 127.139193257787227, 37.5611095186512 ], [ 127.141027354505056, 37.560130785042702 ], [ 127.142251293969764, 37.558667795526347 ], [ 127.142678764418591, 37.556943297449003 ] ] ] } },
{ "type": "Feature", "properties": { "station_id": "ST212", "station_name": "압구정", "SWST_NM": "압구정", "hoseon": "3호선" }, "geometry": { "type": "Polygon", "coordinates": [ [ [ 127.034117522958837, 37.527070501410023 ], [ 127.033686170583408, 37.525346632393266 ], [ 127.032459385557686, 37.523885444971839 ], [ 127.030623956305291, 37.522909371172979 ], [ 127.028459288632789, 37.522566988905588 ], [ 127.02629488141784, 37.522910414312584 ], [ 127.024460193934203, 37.523887372510082 ], [ 127.02323451917762, 37.525349150975522 ], [ 127.022804476660099, 37.527073227672545 ], [ 127.023235588613503, 37.528797136015591 ], [ 127.024462274276374, 37.530258418067326 ], [ 127.026297803430523, 37.53123458636734 ], [ 127.028462711748276, 37.531577007649233 ], [ 127.03062735938525, 37.531233542915942 ], [ 127.032462146231751, 37.530256490088121 ], [ 127.033687721086594, 37.528794617121548 ], [ 127.034117522958837, 37.527070501410023 ] ] ] } },
{ "type": "Feature", "properties": { "station_id": "ST213", "station_name": "압구정로데오", "SWST_NM": "압구정로데오", "hoseon": "수인분당선" }, "geometry": { "type": "Polygon", "coordinates": [ [ [ 127.046190545490703, 37.527378923162331 ], [ 127.045758913564569, 37.525655098504956 ], [ 127.044531888142473, 37.524194036708337 ], [ 127.04269629422177, 37.523218150668299 ], [ 127.040531562653143, 37.522875989714933 ], [ 127.038367202030841, 37.523219636312305 ], [ 127.036532664544808, 37.52419678191675 ], [ 127.035307220379494, 37.525658685480813 ], [ 127.03487745396653, 37.527382805917341 ], [ 127.035308845514436, 37.529106669967554 ], [ 127.03653577168653, 37.530567826422882 ], [ 127.038371465624763, 37.53154380693767 ], [ 127.040536437889557, 37.531886006839819 ], [ 127.042701038890073, 37.531542320849603 ], [ 127.044535675626122, 37.530565080586463 ], [ 127.045761019773906, 37.529103082547643 ], [ 127.046190545490703, 37.527378923162331 ] ] ] } },
{ "type": "Feature", "properties": { "station_id": "ST214", "station_name": "애오개", "SWST_NM": "애오개", "hoseon": "5호선" }, "geometry": { "type": "Polygon", "coordinates": [ [ [ 126.962478537215048, 37.553737933748415 ], [ 126.96204868091101, 37.55201381135506 ], [ 126.960822857462773, 37.550551886683898 ], [ 126.958987709078059, 37.549574704017175 ], [ 126.956822598922486, 37.549231010023874 ], [ 126.954657093229926, 37.549573120451939 ], [ 126.952820818377816, 37.550548960534329 ], [ 126.951593308848786, 37.552009987955842 ], [ 126.951161463363661, 37.553733795074834 ], [ 126.951591078647539, 37.555457956439817 ], [ 126.952816801922921, 37.556919975670056 ], [ 126.954652049662016, 37.557897253091852 ], [ 126.95681740049875, 37.558240986530024 ], [ 126.958983147211484, 37.557898837130303 ], [ 126.960819522236463, 37.556922902488857 ], [ 126.962046932411099, 37.555461780312257 ], [ 126.962478537215048, 37.553737933748415 ] ] ] } },
{ "type": "Feature", "properties": { "station_id": "ST215", "station_name": "약수", "SWST_NM": "약수", "hoseon": "3호선, 6호선" }, "geometry": { "type": "Polygon", "coordinates": [ [ [ 127.004726697130735, 37.554704925852803 ], [ 127.005313235483356, 37.556591335251113 ], [ 127.005836221271863, 37.557370163356069 ], [ 127.00739760722567, 37.55861299876856 ], [ 127.008376004201182, 37.559029238776326 ], [ 127.009986956182757, 37.559350342357213 ], [ 127.012184313740363, 37.5591778456253 ], [ 127.014131450618279, 37.55834902714939 ], [ 127.014915745063618, 37.557724462238902 ], [ 127.015769250072211, 37.556590401752509 ], [ 127.01619962388564, 37.554866359231461 ], [ 127.015772646139766, 37.552954671399625 ], [ 127.014731577582111, 37.551404599807753 ], [ 127.013024743902662, 37.550289688920316 ], [ 127.010911984001794, 37.549779652038225 ], [ 127.008714899430089, 37.549952125330186 ], [ 127.00676792098885, 37.550780855645094 ], [ 127.005367427119964, 37.552139694772869 ], [ 127.004726641353813, 37.553821793551869 ], [ 127.004726697130735, 37.554704925852803 ] ] ] } },
{ "type": "Feature", "properties": { "station_id": "ST216", "station_name": "양원", "SWST_NM": "양원", "hoseon": "경의중앙선" }, "geometry": { "type": "Polygon", "coordinates": [ [ [ 127.113568529642706, 37.606590686767241 ], [ 127.113134884248154, 37.604867134501127 ], [ 127.111905241200276, 37.603406796287658 ], [ 127.11006682395174, 37.602431974771761 ], [ 127.107899492955823, 37.602091057193832 ], [ 127.105733152284301, 37.602435936781049 ], [ 127.103897555424993, 37.603414117382712 ], [ 127.102672133896604, 37.604876700474335 ], [ 127.102243468908057, 37.606601041542447 ], [ 127.102676873247731, 37.608324633683338 ], [ 127.103906417296344, 37.60978506697969 ], [ 127.105744935593663, 37.610759983088286 ], [ 127.107912508493413, 37.611100939357641 ], [ 127.110079090219827, 37.610756019895639 ], [ 127.111914786078387, 37.609777744211108 ], [ 127.113140106557978, 37.608315066526764 ], [ 127.113568529642706, 37.606590686767241 ] ] ] } },
{ "type": "Feature", "properties": { "station_id": "ST217", "station_name": "양재(서초구청)", "SWST_NM": "양재(서초구청)", "hoseon": "3호선, 신분당선" }, "geometry": { "type": "Polygon", "coordinates": [ [ [ 127.031510644101516, 37.480064072447497 ], [ 127.029200470319864, 37.48197538756213 ], [ 127.028678363471244, 37.482754378080777 ], [ 127.028275745624114, 37.484036909057501 ], [ 127.028276078454255, 37.48492005171456 ], [ 127.028917044055902, 37.486601987103718 ], [ 127.029905775849585, 37.487663624220865 ], [ 127.03076272509, 37.488223663686178 ], [ 127.031740332744789, 37.488639715413925 ], [ 127.0333498716588, 37.488960504719124 ], [ 127.035545111734848, 37.488787572183796 ], [ 127.037490161971007, 37.48795835964291 ], [ 127.039354826249024, 37.486310394528211 ], [ 127.040198104452571, 37.484686133692051 ], [ 127.040197162715501, 37.482928353543436 ], [ 127.039352200725361, 37.481304660124529 ], [ 127.037791896039053, 37.480062230340735 ], [ 127.035753790813359, 37.479390190715158 ], [ 127.033548128222989, 37.479390837561404 ], [ 127.031510644101516, 37.480064072447497 ] ] ] } },
{ "type": "Feature", "properties": { "station_id": "ST218", "station_name": "양재시민의숲(매헌)", "SWST_NM": "양재시민의숲(매헌)", "hoseon": "신분당선" }, "geometry": { "type": "Polygon", "coordinates": [ [ [ 127.044072220726861, 37.470021027072505 ], [ 127.043640968819858, 37.468297177654776 ], [ 127.042414923816423, 37.4668360790292 ], [ 127.040580761397422, 37.465860149742142 ], [ 127.038417694546141, 37.46551794574917 ], [ 127.036254978568039, 37.465861556081798 ], [ 127.034421815416579, 37.466838677697204 ], [ 127.033197266102846, 37.468300573156398 ], [ 127.032767778759862, 37.470024702564594 ], [ 127.033198790960839, 37.471748591282072 ], [ 127.034424736975438, 37.473209784365018 ], [ 127.036258999109123, 37.474185807935243 ], [ 127.038422305967131, 37.474528050807379 ], [ 127.040585261651287, 37.474184401175002 ], [ 127.042418523791554, 37.473207185102211 ], [ 127.043642973390604, 37.471745195359851 ], [ 127.044072220726861, 37.470021027072505 ] ] ] } },
{ "type": "Feature", "properties": { "station_id": "ST219", "station_name": "양천구청", "SWST_NM": "양천구청", "hoseon": "2호선" }, "geometry": { "type": "Polygon", "coordinates": [ [ [ 126.871474401589708, 37.512404289040788 ], [ 126.871046875736681, 37.510679827008339 ], [ 126.869823505026446, 37.50921695144369 ], [ 126.867990558401729, 37.508238351469714 ], [ 126.865827064060966, 37.507892989513785 ], [ 126.863662342429151, 37.508233435160918 ], [ 126.861825900547359, 37.509207866971025 ], [ 126.860597298184928, 37.510667956949881 ], [ 126.860163600205837, 37.51239144018674 ], [ 126.860590885176194, 37.514115940633367 ], [ 126.861814155057786, 37.515578910407761 ], [ 126.863647199971894, 37.516557605200269 ], [ 126.865810934143511, 37.516903007040085 ], [ 126.867975896657981, 37.516562522978759 ], [ 126.869812439368431, 37.515587996958914 ], [ 126.871040943441457, 37.514127812161533 ], [ 126.871474401589708, 37.512404289040788 ] ] ] } },
{ "type": "Feature", "properties": { "station_id": "ST220", "station_name": "양천향교", "SWST_NM": "양천향교", "hoseon": "9호선" }, "geometry": { "type": "Polygon", "coordinates": [ [ [ 126.846992625527719, 37.568388470720024 ], [ 126.846565348361068, 37.566663936962399 ], [ 126.845341545513875, 37.565200820742042 ], [ 126.84350755182848, 37.564221847790066 ], [ 126.841342554899938, 37.563876037262794 ], [ 126.839176103785647, 37.564216026989783 ], [ 126.83733796865954, 37.565190064928615 ], [ 126.836107966961393, 37.566649883077801 ], [ 126.835673376600099, 37.568373257963763 ], [ 126.836100412121866, 37.57009783008013 ], [ 126.837324113630032, 37.57156104064584 ], [ 126.839158205645276, 37.57254010866356 ], [ 126.841323442972282, 37.572885959288726 ], [ 126.843490135731429, 37.57254593120301 ], [ 126.845328372196548, 37.571571798918825 ], [ 126.84655827556486, 37.570111885703881 ], [ 126.846992625527719, 37.568388470720024 ] ] ] } },
{ "type": "Feature", "properties": { "station_id": "ST221", "station_name": "양평", "SWST_NM": "양평", "hoseon": "5호선" }, "geometry": { "type": "Polygon", "coordinates": [ [ [ 126.891785399925695, 37.525574318179359 ], [ 126.891357332120407, 37.523849932637219 ], [ 126.890133350053233, 37.522387269703664 ], [ 126.888299815713026, 37.521408986110529 ], [ 126.88613584671694, 37.521063996119246 ], [ 126.883970835700666, 37.521404812706535 ], [ 126.882134333744574, 37.522379557988216 ], [ 126.880905909791139, 37.523839856266711 ], [ 126.880472601598839, 37.525563410919425 ], [ 126.88090042844361, 37.527287835005716 ], [ 126.882124309808646, 37.528750592240591 ], [ 126.883957942694977, 37.529728970651718 ], [ 126.886122151758542, 37.530074000434631 ], [ 126.888287403735333, 37.529733145303176 ], [ 126.890124006393606, 37.528758305720203 ], [ 126.891352331800888, 37.527297912623688 ], [ 126.891785399925695, 37.525574318179359 ] ] ] } },
{ "type": "Feature", "properties": { "station_id": "ST222", "station_name": "어린이대공원(세종대)", "SWST_NM": "어린이대공원(세종대)", "hoseon": "7호선" }, "geometry": { "type": "Polygon", "coordinates": [ [ [ 127.080316100651075, 37.548010287028909 ], [ 127.079883563675367, 37.546286594088983 ], [ 127.078655534353445, 37.544825893010575 ], [ 127.076818990469093, 37.543850541741364 ], [ 127.074653507404278, 37.543509008198988 ], [ 127.072488708079618, 37.543853279364043 ], [ 127.070654111449485, 37.544830951654994 ], [ 127.069428996750602, 37.546293203873198 ], [ 127.068999898348508, 37.548017441850533 ], [ 127.069432194835215, 37.549741174399507 ], [ 127.070660125129351, 37.551201970284538 ], [ 127.072496769456279, 37.552177416021479 ], [ 127.074662493596122, 37.552518988354805 ], [ 127.076827533409812, 37.552174677580673 ], [ 127.078662229067731, 37.551196910483107 ], [ 127.079887243324023, 37.549734563797188 ], [ 127.080316100651075, 37.548010287028909 ] ] ] } },
{ "type": "Feature", "properties": { "station_id": "ST223", "station_name": "언주", "SWST_NM": "언주", "hoseon": "9호선" }, "geometry": { "type": "Polygon", "coordinates": [ [ [ 127.039523029430853, 37.507285243263496 ], [ 127.039091666991411, 37.505561388204214 ], [ 127.03786510077002, 37.504100251902074 ], [ 127.036030085847173, 37.503124258613902 ], [ 127.033865964961535, 37.50278197400894 ], [ 127.031702153793887, 37.50312549937437 ], [ 127.02986802093065, 37.504102544608891 ], [ 127.028642774963842, 37.505564383927258 ], [ 127.028212970116016, 37.507288486011483 ], [ 127.028644092389641, 37.509012380398531 ], [ 127.029870559396528, 37.510473611275408 ], [ 127.031705674174674, 37.51144969898467 ], [ 127.033870035491532, 37.511792022546466 ], [ 127.036034086824998, 37.511448457853255 ], [ 127.037868318902753, 37.510471318044004 ], [ 127.039093465014275, 37.509009384304562 ], [ 127.039523029430853, 37.507285243263496 ] ] ] } },
{ "type": "Feature", "properties": { "station_id": "ST224", "station_name": "여의나루", "SWST_NM": "여의나루", "hoseon": "5호선" }, "geometry": { "type": "Polygon", "coordinates": [ [ [ 126.938557522372307, 37.527101078229627 ], [ 126.938128369065936, 37.525376861541176 ], [ 126.936903448214153, 37.523914682712061 ], [ 126.935069264633029, 37.522937124749348 ], [ 126.93290503468306, 37.522592991465523 ], [ 126.930740190683892, 37.522934665466373 ], [ 126.928904258324536, 37.523910138390328 ], [ 126.92767671992577, 37.525370923787143 ], [ 126.92724447852612, 37.527094650853158 ], [ 126.927673391035938, 37.528818906344384 ], [ 126.928898211620279, 37.530281179586801 ], [ 126.93073249419831, 37.531258832267284 ], [ 126.932896964418575, 37.531603005088982 ], [ 126.935062049214281, 37.53126129228535 ], [ 126.936898081841107, 37.530285724948101 ], [ 126.938125521242924, 37.528824844833515 ], [ 126.938557522372307, 37.527101078229627 ] ] ] } },
{ "type": "Feature", "properties": { "station_id": "ST225", "station_name": "여의도", "SWST_NM": "여의도", "hoseon": "5호선, 9호선" }, "geometry": { "type": "Polygon", "coordinates": [ [ [ 126.92380190658524, 37.517263942314095 ], [ 126.922392580739753, 37.517447905282168 ], [ 126.921367893974747, 37.517785189680808 ], [ 126.919660826392459, 37.518899158266393 ], [ 126.918618853546093, 37.520448659156301 ], [ 126.918400637547094, 37.522197813386391 ], [ 126.919039455103842, 37.52388033251119 ], [ 126.920438099052973, 37.525240056006666 ], [ 126.922383649718313, 37.526069956554892 ], [ 126.923471024097211, 37.526242957502575 ], [ 126.924906902918465, 37.526230669322985 ], [ 126.927019405122863, 37.525721740593809 ], [ 126.92872651909525, 37.524607666990832 ], [ 126.929768341043285, 37.523058077865436 ], [ 126.929986294241402, 37.521308902613534 ], [ 126.929347252600621, 37.51962644172783 ], [ 126.927948551412783, 37.518266822378564 ], [ 126.926003141413204, 37.517437012551085 ], [ 126.92380190658524, 37.517263942314095 ] ] ] } },
{ "type": "Feature", "properties": { "station_id": "ST226", "station_name": "역삼", "SWST_NM": "역삼", "hoseon": "2호선" }, "geometry": { "type": "Polygon", "coordinates": [ [ [ 127.042110526569616, 37.500620119662294 ], [ 127.041679143136903, 37.49889627211423 ], [ 127.040452635662476, 37.497435160991415 ], [ 127.038617750270703, 37.496459206721021 ], [ 127.036453809982191, 37.496116969038432 ], [ 127.034290202998392, 37.496460542092407 ], [ 127.032456266839915, 37.497437628522547 ], [ 127.031231180164681, 37.498899496268244 ], [ 127.030801472942755, 37.500623609677511 ], [ 127.031232616298922, 37.502347496558038 ], [ 127.032459024616031, 37.503808702238608 ], [ 127.034294009854719, 37.504784750901372 ], [ 127.036458190505385, 37.505127027517183 ], [ 127.038622037565744, 37.504783415130724 ], [ 127.040456072881526, 37.503806234142843 ], [ 127.041681059709873, 37.502344272004777 ], [ 127.042110526569616, 37.500620119662294 ] ] ] } },
{ "type": "Feature", "properties": { "station_id": "ST227", "station_name": "역촌", "SWST_NM": "역촌", "hoseon": "6호선" }, "geometry": { "type": "Polygon", "coordinates": [ [ [ 126.928406492205468, 37.606024570894597 ], [ 126.927977122801835, 37.604300340194264 ], [ 126.926751110081099, 37.602838074524158 ], [ 126.924915125192186, 37.601860370058446 ], [ 126.922748658665242, 37.601516052849668 ], [ 126.920581483123613, 37.601857533468092 ], [ 126.918743478999986, 37.602832833004975 ], [ 126.917514443916801, 37.604293491460346 ], [ 126.917081508832112, 37.606017157419927 ], [ 126.917510636458502, 37.607741426979103 ], [ 126.91873654842405, 37.609203787310001 ], [ 126.920572632600809, 37.610181586787412 ], [ 126.922739340297198, 37.610525943702257 ], [ 126.924906757616071, 37.610184424224997 ], [ 126.926744862494871, 37.60920903002733 ], [ 126.927973798290211, 37.607748276560258 ], [ 126.928406492205468, 37.606024570894597 ] ] ] } },
{ "type": "Feature", "properties": { "station_id": "ST228", "station_name": "연신내", "SWST_NM": "연신내", "hoseon": "3호선, 6호선" }, "geometry": { "type": "Polygon", "coordinates": [ [ [ 126.915915774216245, 37.621138315337198 ], [ 126.916656870747957, 37.622083888891375 ], [ 126.917441267487504, 37.622708901746137 ], [ 126.919389320193588, 37.623538840840347 ], [ 126.921588410810713, 37.623712611143738 ], [ 126.923703692141672, 37.623203753258103 ], [ 126.925413084531556, 37.622089748472632 ], [ 126.92603065139248, 37.621355848110248 ], [ 126.926718309308754, 37.62009120377801 ], [ 126.92693662050219, 37.618342063346994 ], [ 126.926296821559589, 37.616659612877008 ], [ 126.924896363294721, 37.615299977912571 ], [ 126.922948464002161, 37.614470128740507 ], [ 126.920629788621198, 37.614131062732419 ], [ 126.919524878124065, 37.614216875623313 ], [ 126.917959634508151, 37.614661174489228 ], [ 126.91625030138097, 37.615775072779741 ], [ 126.915632684740444, 37.616508922594157 ], [ 126.915071373782567, 37.61775326370995 ], [ 126.915069374381346, 37.619511002117754 ], [ 126.915915774216245, 37.621138315337198 ] ] ] } },
{ "type": "Feature", "properties": { "station_id": "ST229", "station_name": "염창", "SWST_NM": "염창", "hoseon": "9호선" }, "geometry": { "type": "Polygon", "coordinates": [ [ [ 126.880574011805933, 37.546941857986255 ], [ 126.880146081414395, 37.545217438289171 ], [ 126.878921970478629, 37.543754664241 ], [ 126.877088060652525, 37.542776209479491 ], [ 126.874923526717964, 37.542431014303475 ], [ 126.872757847272098, 37.542771622907367 ], [ 126.870920675092975, 37.543746189063704 ], [ 126.869691681112499, 37.545206364355479 ], [ 126.869257989870107, 37.546929870905018 ], [ 126.869685679002998, 37.548654329114896 ], [ 126.870909689024401, 37.550117197511909 ], [ 126.872743697394611, 37.551095747190011 ], [ 126.874908471605977, 37.551440982249503 ], [ 126.877074392310462, 37.551100335132801 ], [ 126.87891166540399, 37.550125674627616 ], [ 126.880140560840346, 37.548665404419275 ], [ 126.880574011805933, 37.546941857986255 ] ] ] } },
{ "type": "Feature", "properties": { "station_id": "ST230", "station_name": "영등포", "SWST_NM": "영등포", "hoseon": "1호선" }, "geometry": { "type": "Polygon", "coordinates": [ [ [ 126.913283643866905, 37.515508287571848 ], [ 126.912855138194431, 37.513783976422857 ], [ 126.911630900042852, 37.512321533428192 ], [ 126.909797330332751, 37.51134358183284 ], [ 126.907633552032465, 37.510998985372524 ], [ 126.905468928753479, 37.511340197141088 ], [ 126.903632952590741, 37.512315279114034 ], [ 126.902405112494321, 37.513775804338771 ], [ 126.901972357369317, 37.515499441624215 ], [ 126.902400622284674, 37.517223791421046 ], [ 126.903624759987224, 37.518686328731668 ], [ 126.905458428398063, 37.519664375062057 ], [ 126.907622446731324, 37.520009011182019 ], [ 126.909787310767442, 37.519667760765614 ], [ 126.911623387379194, 37.518692584476725 ], [ 126.912851128774847, 37.517231964516931 ], [ 126.913283643866905, 37.515508287571848 ] ] ] } },
{ "type": "Feature", "properties": { "station_id": "ST231", "station_name": "영등포구청", "SWST_NM": "영등포구청", "hoseon": "2호선, 5호선" }, "geometry": { "type": "Polygon", "coordinates": [ [ [ 126.891583436772365, 37.527766089378758 ], [ 126.892233423937071, 37.528560034309123 ], [ 126.893016637592396, 37.529185217636389 ], [ 126.894961985808663, 37.530015569063821 ], [ 126.897158270470385, 37.530189793215349 ], [ 126.899271071828792, 37.529681361582526 ], [ 126.900978687970081, 37.528567690493546 ], [ 126.902021138588623, 37.52701834801676 ], [ 126.902239751204263, 37.525269226020463 ], [ 126.90160129933632, 37.523586616925257 ], [ 126.89903389946943, 37.52101796650733 ], [ 126.897200282059501, 37.520039820734993 ], [ 126.895590661768452, 37.519717177946482 ], [ 126.894481899902971, 37.519716192605642 ], [ 126.892369347426438, 37.520224539804715 ], [ 126.891446728674197, 37.520714340051654 ], [ 126.89033062460463, 37.521692879842696 ], [ 126.88980679872806, 37.522471249323644 ], [ 126.889401591673447, 37.523753295287527 ], [ 126.889400287967845, 37.524636430449924 ], [ 126.889801727296955, 37.525919229938353 ], [ 126.89065345200828, 37.527053976531825 ], [ 126.891583436772365, 37.527766089378758 ] ] ] } },
{ "type": "Feature", "properties": { "station_id": "ST232", "station_name": "영등포시장", "SWST_NM": "영등포시장", "hoseon": "5호선" }, "geometry": { "type": "Polygon", "coordinates": [ [ [ 126.910795184283998, 37.522673407449979 ], [ 126.910366695249067, 37.520949089390761 ], [ 126.909142388941831, 37.519486622293158 ], [ 126.907308676671676, 37.518508633067519 ], [ 126.90514470310795, 37.518163991171896 ], [ 126.902979861572973, 37.518505156612058 ], [ 126.901143677368594, 37.519480198415849 ], [ 126.899915671104552, 37.520940695750156 ], [ 126.899482816985909, 37.52266432167648 ], [ 126.89991106516878, 37.524388678380014 ], [ 126.90113527096797, 37.525851239812418 ], [ 126.902969081950303, 37.526829323803284 ], [ 126.905133295622193, 37.527174005382392 ], [ 126.907298378009202, 37.526832801297907 ], [ 126.909134662721655, 37.525857665159315 ], [ 126.910362570273506, 37.524397073059781 ], [ 126.910795184283998, 37.522673407449979 ] ] ] } },
{ "type": "Feature", "properties": { "station_id": "ST233", "station_name": "오금", "SWST_NM": "오금", "hoseon": "3호선" }, "geometry": { "type": "Polygon", "coordinates": [ [ [ 127.125781052027321, 37.506221416380249 ], [ 127.12832671062462, 37.50663401595051 ], [ 127.129429790512958, 37.506546249712066 ], [ 127.131467110381109, 37.50587132936959 ], [ 127.133025090784571, 37.504626651988104 ], [ 127.133866543625572, 37.503001730588451 ], [ 127.13386340540977, 37.501243960279787 ], [ 127.133016210269119, 37.499620945485887 ], [ 127.131453975626044, 37.498379759702331 ], [ 127.130475689828145, 37.497964534871123 ], [ 127.129033558674095, 37.497637343489544 ], [ 127.126827364598569, 37.497639732612058 ], [ 127.12479022617643, 37.498314573546878 ], [ 127.123232239614836, 37.499559143664328 ], [ 127.122390594517725, 37.501183990609313 ], [ 127.122393463765818, 37.502941761725097 ], [ 127.12324046690911, 37.504564852135729 ], [ 127.1248026950678, 37.505806145250766 ], [ 127.125781052027321, 37.506221416380249 ] ] ] } },
{ "type": "Feature", "properties": { "station_id": "ST234", "station_name": "오류동", "SWST_NM": "오류동", "hoseon": "1호선" }, "geometry": { "type": "Polygon", "coordinates": [ [ [ 126.851019048721469, 37.494533265452844 ], [ 126.850592094099454, 37.492808725359659 ], [ 126.849369413529459, 37.491345634985962 ], [ 126.847537170909291, 37.490366716180731 ], [ 126.845374287319913, 37.490020979913879 ], [ 126.843209990268392, 37.490361052737114 ], [ 126.841373722186219, 37.49133516993966 ], [ 126.840145016360708, 37.492795051400037 ], [ 126.839710953346298, 37.494518463949206 ], [ 126.840137667218983, 37.496243042319193 ], [ 126.841360246856041, 37.497706226794648 ], [ 126.843192587484836, 37.498685240403034 ], [ 126.845355710612296, 37.499031016640068 ], [ 126.847520248413133, 37.498690905540009 ], [ 126.849356617428256, 37.497716694235713 ], [ 126.850585225245126, 37.496256717972159 ], [ 126.851019048721469, 37.494533265452844 ] ] ] } },
{ "type": "Feature", "properties": { "station_id": "ST235", "station_name": "오목교(목동운동장앞)", "SWST_NM": "오목교(목동운동장앞)", "hoseon": "5호선" }, "geometry": { "type": "Polygon", "coordinates": [ [ [ 126.880837316729512, 37.524501842372452 ], [ 126.880409507073324, 37.522777417272103 ], [ 126.879185756494962, 37.521314641011614 ], [ 126.877352391762486, 37.52033618758211 ], [ 126.875188504695402, 37.519990997096428 ], [ 126.873023475468642, 37.52033161304216 ], [ 126.871186857928478, 37.521306188067619 ], [ 126.869958238592773, 37.522766372388979 ], [ 126.869524684941538, 37.524489886737108 ], [ 126.869952253607408, 37.526214350320046 ], [ 126.871175903385478, 37.527677220853114 ], [ 126.873009366555067, 37.528655769121613 ], [ 126.875173493633554, 37.529000999457246 ], [ 126.877338763850616, 37.528660345028918 ], [ 126.879175482191087, 37.527685675730879 ], [ 126.88040400308968, 37.526225396570545 ], [ 126.880837316729512, 37.524501842372452 ] ] ] } },
{ "type": "Feature", "properties": { "station_id": "ST236", "station_name": "옥수", "SWST_NM": "옥수", "hoseon": "3호선, 경의중앙선" }, "geometry": { "type": "Polygon", "coordinates": [ [ [ 127.014670895333623, 37.537261048193159 ], [ 127.012895102669589, 37.5388266170023 ], [ 127.012279069801593, 37.539560982213018 ], [ 127.011638546948518, 37.541243122052087 ], [ 127.011855195172316, 37.542992399566749 ], [ 127.012896087134564, 37.544542498766148 ], [ 127.014602787830356, 37.54565741262855 ], [ 127.016715456501245, 37.546167383850182 ], [ 127.018912411502825, 37.545994761615141 ], [ 127.020859130951763, 37.545165830448589 ], [ 127.023376848722265, 37.542948005500875 ], [ 127.024221109993434, 37.541323873961431 ], [ 127.024329533607158, 37.540444969916464 ], [ 127.024085501462366, 37.539137287442088 ], [ 127.023044453091941, 37.537587285496997 ], [ 127.022260066108402, 37.536962965327582 ], [ 127.020835886282157, 37.536283559607334 ], [ 127.019225384192438, 37.535962602666508 ], [ 127.018116380034115, 37.535962778002663 ], [ 127.016506038087158, 37.536284244171405 ], [ 127.015528065845913, 37.536700683752599 ], [ 127.014670895333623, 37.537261048193159 ] ] ] } },
{ "type": "Feature", "properties": { "station_id": "ST237", "station_name": "온수(성공회대입구)", "SWST_NM": "온수(성공회대입구)", "hoseon": "1호선, 7호선" }, "geometry": { "type": "Polygon", "coordinates": [ [ [ 126.820348273720171, 37.496061044136447 ], [ 126.823521273365472, 37.496915493923218 ], [ 126.825717218463197, 37.496746461918761 ], [ 126.827664784854178, 37.495920709767823 ], [ 126.829067441583476, 37.494563969056188 ], [ 126.829711657501008, 37.4928828130396 ], [ 126.829499403212836, 37.491133194977003 ], [ 126.828463047839108, 37.489581474250251 ], [ 126.826760398700941, 37.48846386797323 ], [ 126.824136372059527, 37.487675192736837 ], [ 126.821930476107198, 37.487671888602897 ], [ 126.820869301791973, 37.487926646774831 ], [ 126.819444613499627, 37.488604148384937 ], [ 126.818041895062834, 37.48996077605586 ], [ 126.817615776272802, 37.490776034629086 ], [ 126.817369143372005, 37.492083395153543 ], [ 126.817795329559544, 37.493808053580175 ], [ 126.818645599270553, 37.494943322069382 ], [ 126.819427847150507, 37.495568994598223 ], [ 126.820348273720171, 37.496061044136447 ] ] ] } },
{ "type": "Feature", "properties": { "station_id": "ST238", "station_name": "올림픽공원(한국체대)", "SWST_NM": "올림픽공원(한국체대)", "hoseon": "5호선, 9호선" }, "geometry": { "type": "Polygon", "coordinates": [ [ [ 127.12982388352053, 37.511782351683628 ], [ 127.128638839118352, 37.511959775254169 ], [ 127.127615158994871, 37.512298847963251 ], [ 127.125911287587371, 37.513415794520832 ], [ 127.124873658767257, 37.514967111172751 ], [ 127.124632305439306, 37.516275103174905 ], [ 127.124742440979375, 37.517153871750324 ], [ 127.125303673644154, 37.518398042017857 ], [ 127.125920891356074, 37.519131687246109 ], [ 127.127628690838037, 37.520244970870912 ], [ 127.129741407114963, 37.520752922252477 ], [ 127.1320341549375, 37.520618213991284 ], [ 127.134071833380531, 37.519943249650332 ], [ 127.135630062238477, 37.518698540400116 ], [ 127.136471615594573, 37.517073604124526 ], [ 127.136468414683904, 37.515315838202987 ], [ 127.135621003222269, 37.513692846388039 ], [ 127.134058431588599, 37.512451698666538 ], [ 127.132018586847963, 37.511781326353486 ], [ 127.12982388352053, 37.511782351683628 ] ] ] } },
{ "type": "Feature", "properties": { "station_id": "ST239", "station_name": "왕십리(성동구청)", "SWST_NM": "왕십리(성동구청)", "hoseon": "2호선, 5호선" }, "geometry": { "type": "Polygon", "coordinates": [ [ [ 127.031294895076471, 37.561239635639524 ], [ 127.031644083783263, 37.56314930292281 ], [ 127.032068985168053, 37.563965094813689 ], [ 127.033058783968656, 37.565026691107626 ], [ 127.033916642623183, 37.565586699907151 ], [ 127.035957078120333, 37.566258760196028 ], [ 127.038909025255919, 37.566310106389942 ], [ 127.041021882848824, 37.565799141542534 ], [ 127.042728213488147, 37.564683427624146 ], [ 127.043768232863542, 37.56313284376963 ], [ 127.043983638947665, 37.561383470758798 ], [ 127.043341693585816, 37.559701639053969 ], [ 127.041940174087301, 37.558343379898481 ], [ 127.039117469653362, 37.557075239481499 ], [ 127.037506441940693, 37.556754533270372 ], [ 127.036397129891782, 37.556754880443059 ], [ 127.034284495988445, 37.557265763197684 ], [ 127.033362349145307, 37.557756669090871 ], [ 127.032247547556651, 37.55873654395765 ], [ 127.031403264316936, 37.560360728094437 ], [ 127.031294895076471, 37.561239635639524 ] ] ] } },
{ "type": "Feature", "properties": { "station_id": "ST240", "station_name": "외대앞", "SWST_NM": "외대앞", "hoseon": "1호선" }, "geometry": { "type": "Polygon", "coordinates": [ [ [ 127.069210739010927, 37.596069815811028 ], [ 127.068778178089801, 37.594346096272069 ], [ 127.06754957466228, 37.592885292172831 ], [ 127.065711993988444, 37.591909777114694 ], [ 127.063545169263222, 37.591568043909412 ], [ 127.06137892754802, 37.591912109906509 ], [ 127.059543007254646, 37.59288960276109 ], [ 127.05831688906153, 37.594351728622371 ], [ 127.057887260135914, 37.59607591260017 ], [ 127.058319579952041, 37.597799671755922 ], [ 127.059548084010359, 37.599260570801697 ], [ 127.061385765259914, 37.60023618051774 ], [ 127.063552831589917, 37.600577952642986 ], [ 127.065719314410117, 37.600233847029102 ], [ 127.067555334072708, 37.599256259227985 ], [ 127.068781351690092, 37.597794038708791 ], [ 127.069210739010927, 37.596069815811028 ] ] ] } },
{ "type": "Feature", "properties": { "station_id": "ST241", "station_name": "용답", "SWST_NM": "용답", "hoseon": "2호선" }, "geometry": { "type": "Polygon", "coordinates": [ [ [ 127.056558153650542, 37.561901424664811 ], [ 127.056126083003861, 37.560177648347761 ], [ 127.054898288694204, 37.558716703424302 ], [ 127.053061712790466, 37.557740984966628 ], [ 127.050895935583128, 37.557399016771406 ], [ 127.048730624757582, 37.557742851958714 ], [ 127.04689537708343, 37.55872015329674 ], [ 127.045669570849398, 37.56018215605976 ], [ 127.045239845667069, 37.561906304079017 ], [ 127.045671675565785, 37.563630119894825 ], [ 127.046899370554129, 37.565091159618866 ], [ 127.048736046744224, 37.566066972646041 ], [ 127.05090206509928, 37.566408979782167 ], [ 127.053067616672791, 37.566065105096101 ], [ 127.054902963668255, 37.565087708957485 ], [ 127.056128669615887, 37.563625611624957 ], [ 127.056558153650542, 37.561901424664811 ] ] ] } },
{ "type": "Feature", "properties": { "station_id": "ST242", "station_name": "용두(동대문구청)", "SWST_NM": "용두(동대문구청)", "hoseon": "2호선" }, "geometry": { "type": "Polygon", "coordinates": [ [ [ 127.04375107204352, 37.574026038024172 ], [ 127.043319226139914, 37.572302218236324 ], [ 127.042091482546311, 37.570841143101447 ], [ 127.040254775649785, 37.569865227512494 ], [ 127.038088705696566, 37.569523025262214 ], [ 127.035922984919509, 37.569866625084536 ], [ 127.034087272457427, 37.570843725568373 ], [ 127.03286101731949, 37.572305592568945 ], [ 127.032430927445517, 37.574029690601449 ], [ 127.032862532406355, 37.575753549835156 ], [ 127.0340901764975, 37.577214719783264 ], [ 127.035926983619063, 37.578190730012487 ], [ 127.038093294814374, 37.578532971291068 ], [ 127.040259256534199, 37.578189332022887 ], [ 127.04209506849871, 37.577212136725826 ], [ 127.043321223411638, 37.575750175084984 ], [ 127.04375107204352, 37.574026038024172 ] ] ] } },
{ "type": "Feature", "properties": { "station_id": "ST243", "station_name": "용마산", "SWST_NM": "용마산", "hoseon": "7호선" }, "geometry": { "type": "Polygon", "coordinates": [ [ [ 127.092387037634566, 37.573642706190384 ], [ 127.091954073274309, 37.571919065522607 ], [ 127.090725386836155, 37.57045849718093 ], [ 127.088888056146274, 37.569483338880083 ], [ 127.086721776318299, 37.569142029146917 ], [ 127.084556291496398, 37.569486520895644 ], [ 127.082721224939903, 37.570464376985072 ], [ 127.081495927425181, 37.571926748259877 ], [ 127.081066961202126, 37.573651022439769 ], [ 127.081499684816123, 37.575374702819246 ], [ 127.082728272215334, 37.576835366082804 ], [ 127.084565703589291, 37.577810618911712 ], [ 127.08673222484498, 37.578151967405894 ], [ 127.08889795041317, 37.577807435945473 ], [ 127.090733116008579, 37.576829484934187 ], [ 127.091958312839225, 37.575367019131292 ], [ 127.092387037634566, 37.573642706190384 ] ] ] } },
{ "type": "Feature", "properties": { "station_id": "ST244", "station_name": "용산", "SWST_NM": "용산", "hoseon": "1호선" }, "geometry": { "type": "Polygon", "coordinates": [ [ [ 126.970217732702707, 37.52985056197457 ], [ 126.969787834891093, 37.528126460742236 ], [ 126.968562250929452, 37.526664610591645 ], [ 126.966727586524414, 37.525687544473882 ], [ 126.964563131169555, 37.525343991335966 ], [ 126.962398351466305, 37.52568624549847 ], [ 126.960562763334948, 37.526662210313894 ], [ 126.959335796752598, 37.528123324463671 ], [ 126.958904267771842, 37.529847167080995 ], [ 126.959333924877896, 37.531571307293532 ], [ 126.960559408858032, 37.533033251938939 ], [ 126.962394172573482, 37.534010412712313 ], [ 126.964558868355908, 37.534354005218702 ], [ 126.966723888764747, 37.534011712075994 ], [ 126.968559576877595, 37.533035652765768 ], [ 126.969786444149562, 37.531574443960359 ], [ 126.970217732702707, 37.52985056197457 ] ] ] } },
{ "type": "Feature", "properties": { "station_id": "ST245", "station_name": "우장산", "SWST_NM": "우장산", "hoseon": "5호선" }, "geometry": { "type": "Polygon", "coordinates": [ [ [ 126.841976140907448, 37.548775707764101 ], [ 126.841549089777203, 37.547051150626494 ], [ 126.840325704513688, 37.545587978496329 ], [ 126.838492256374934, 37.544608925633526 ], [ 126.836327849932559, 37.544263023372288 ], [ 126.834161944402652, 37.544602923507959 ], [ 126.832324226945275, 37.54557688762565 ], [ 126.83109445142496, 37.547036658945402 ], [ 126.830659861285966, 37.548760021110823 ], [ 126.831086670985911, 37.550484616551991 ], [ 126.832309954960877, 37.551947882948824 ], [ 126.834143501286277, 37.552927030821259 ], [ 126.836308147874092, 37.553272973179723 ], [ 126.838474294834342, 37.552933034740491 ], [ 126.840312113580268, 37.551958976356154 ], [ 126.841541790913936, 37.55049911002677 ], [ 126.841976140907448, 37.548775707764101 ] ] ] } },
{ "type": "Feature", "properties": { "station_id": "ST246", "station_name": "월계", "SWST_NM": "월계", "hoseon": "1호선" }, "geometry": { "type": "Polygon", "coordinates": [ [ [ 127.064495556053117, 37.633209039591293 ], [ 127.064062887498565, 37.631485313743333 ], [ 127.062833764041315, 37.630024470246497 ], [ 127.060995330160637, 37.629048888674703 ], [ 127.05882744891413, 37.628707071935843 ], [ 127.05666010811683, 37.629051050079653 ], [ 127.054823213405697, 37.630028464141965 ], [ 127.053596393756081, 37.63149053229278 ], [ 127.053166443155931, 37.633214688457777 ], [ 127.053598870143645, 37.634938453949687 ], [ 127.054827894003964, 37.636399392510071 ], [ 127.056666428600138, 37.637375068878072 ], [ 127.058834551876799, 37.637716924615475 ], [ 127.061002134240965, 37.637372906827729 ], [ 127.06283912854903, 37.636395397701868 ], [ 127.064065847483121, 37.634933234754833 ], [ 127.064495556053117, 37.633209039591293 ] ] ] } },
{ "type": "Feature", "properties": { "station_id": "ST247", "station_name": "월곡(동덕여대)", "SWST_NM": "월곡(동덕여대)", "hoseon": "6호선" }, "geometry": { "type": "Polygon", "coordinates": [ [ [ 127.047180186357451, 37.601945872328209 ], [ 127.046748099385411, 37.600222073419346 ], [ 127.045519829618016, 37.598761041216818 ], [ 127.043682391570314, 37.597785184055049 ], [ 127.041515496762585, 37.597443046812728 ], [ 127.039348982929255, 37.59778670832236 ], [ 127.037512629875536, 37.598763857794225 ], [ 127.036285984112112, 37.600225753648054 ], [ 127.03585581308505, 37.601949856025449 ], [ 127.036287658795047, 37.60367369443874 ], [ 127.037515828955023, 37.605134821558138 ], [ 127.03935336739859, 37.606110773448194 ], [ 127.041520503794914, 37.606452949739683 ], [ 127.043687258890316, 37.606109248725602 ], [ 127.045523711551468, 37.605132004336859 ], [ 127.046750256919012, 37.603670013754737 ], [ 127.047180186357451, 37.601945872328209 ] ] ] } },
{ "type": "Feature", "properties": { "station_id": "ST248", "station_name": "월드컵경기장(성산)", "SWST_NM": "월드컵경기장(성산)", "hoseon": "6호선" }, "geometry": { "type": "Polygon", "coordinates": [ [ [ 126.904957725224079, 37.569536692043151 ], [ 126.904529104683107, 37.567812366337904 ], [ 126.903304147922867, 37.566349849455953 ], [ 126.901469365340745, 37.565371775855006 ], [ 126.8993040645137, 37.565027027800745 ], [ 126.897137840712091, 37.565368081439239 ], [ 126.895300429549465, 37.56634302282648 ], [ 126.894071538366376, 37.567803446448799 ], [ 126.893638276126424, 37.56952703662742 ], [ 126.894066655234283, 37.571251401011203 ], [ 126.895291511198494, 37.572714012375172 ], [ 126.897126392666678, 37.573692180915373 ], [ 126.899291934135775, 37.57403696875199 ], [ 126.901458399370483, 37.573695876434982 ], [ 126.903295911329138, 37.572720840565694 ], [ 126.904524703626137, 37.571260322004122 ], [ 126.904957725224079, 37.569536692043151 ] ] ] } },
{ "type": "Feature", "properties": { "station_id": "ST249", "station_name": "을지로3가", "SWST_NM": "을지로3가", "hoseon": "2호선, 3호선" }, "geometry": { "type": "Polygon", "coordinates": [ [ [ 126.989430726626651, 37.570430642950093 ], [ 126.991443377602039, 37.571090341157678 ], [ 126.993651741989964, 37.571090480564031 ], [ 126.995692043403906, 37.570417909069327 ], [ 126.997253624446103, 37.569175035298052 ], [ 126.998098748552835, 37.567551097740022 ], [ 126.99809879322757, 37.565793341883683 ], [ 126.997253808216698, 37.564169370127026 ], [ 126.995692474811349, 37.562926401740938 ], [ 126.993339246828768, 37.561995105576905 ], [ 126.991141803918595, 37.56182267081563 ], [ 126.989028717952039, 37.562332743353473 ], [ 126.988106211757795, 37.562823295349354 ], [ 126.986990742015436, 37.563802742025615 ], [ 126.986467625698069, 37.564581535064598 ], [ 126.986063845134026, 37.565863904248353 ], [ 126.986279966732383, 37.567613221311611 ], [ 126.987320671317036, 37.569163539474523 ], [ 126.988105104339454, 37.569788088340303 ], [ 126.989430726626651, 37.570430642950093 ] ] ] } },
{ "type": "Feature", "properties": { "station_id": "ST250", "station_name": "을지로4가", "SWST_NM": "을지로4가", "hoseon": "2호선, 5호선" }, "geometry": { "type": "Polygon", "coordinates": [ [ [ 126.992184694884102, 37.567036326715453 ], [ 126.992803074765305, 37.569075777656849 ], [ 126.993326017582149, 37.569854659524005 ], [ 126.994887456264237, 37.571097657751359 ], [ 126.995865946920674, 37.571514000552277 ], [ 126.997477114077043, 37.571835274152782 ], [ 126.999674867241737, 37.571663010608688 ], [ 127.001622467706994, 37.570834400176125 ], [ 127.002406997483334, 37.570209919670816 ], [ 127.003260834540868, 37.569075951989646 ], [ 127.003691568377235, 37.567351958687617 ], [ 127.003232757943778, 37.565287249199713 ], [ 127.002191777512422, 37.563737070278002 ], [ 127.000484849317829, 37.562621980454502 ], [ 126.998371826670038, 37.562111720258656 ], [ 126.996174351107328, 37.562283959837714 ], [ 126.994226912916602, 37.563112481607376 ], [ 126.992825960490123, 37.564471169105985 ], [ 126.992184787148858, 37.566153196268949 ], [ 126.992184694884102, 37.567036326715453 ] ] ] } },
{ "type": "Feature", "properties": { "station_id": "ST251", "station_name": "을지로입구", "SWST_NM": "을지로입구", "hoseon": "2호선" }, "geometry": { "type": "Polygon", "coordinates": [ [ [ 126.988277466993921, 37.566014697588557 ], [ 126.987846945785009, 37.564290672550037 ], [ 126.986620417191972, 37.562829018580402 ], [ 126.98478463073458, 37.561852238728207 ], [ 126.982619046653085, 37.561509018341084 ], [ 126.980453303278665, 37.561851601091618 ], [ 126.978617063163796, 37.562827840340333 ], [ 126.977389855542597, 37.564289133024445 ], [ 126.97695853323917, 37.56601303111497 ], [ 126.977388813382703, 37.567737095283967 ], [ 126.97861524198666, 37.569198843913469 ], [ 126.980451128103525, 37.570175718504451 ], [ 126.982616953113848, 37.570518978212576 ], [ 126.984782937553646, 37.570176356331558 ], [ 126.986619277657596, 37.569200022422983 ], [ 126.987846385619349, 37.567738635000076 ], [ 126.988277466993921, 37.566014697588557 ] ] ] } },
{ "type": "Feature", "properties": { "station_id": "ST252", "station_name": "응봉", "SWST_NM": "응봉", "hoseon": "경의중앙선" }, "geometry": { "type": "Polygon", "coordinates": [ [ [ 127.040196250746092, 37.549944209389416 ], [ 127.039764626215032, 37.548220369421408 ], [ 127.038537347498448, 37.546759251085092 ], [ 127.036701278191813, 37.545783275870107 ], [ 127.034535921507171, 37.545441006662884 ], [ 127.032370881153909, 37.545784542394124 ], [ 127.030535712741582, 37.546761591398365 ], [ 127.029309782471088, 37.548223427348461 ], [ 127.028879748791027, 37.549947519470628 ], [ 127.029311132652012, 37.551671398830742 ], [ 127.03053831195092, 37.553132611889581 ], [ 127.032374481329782, 37.554108681670307 ], [ 127.034540078955672, 37.55445098989118 ], [ 127.03670535997901, 37.554107414767813 ], [ 127.038540627809041, 37.553130271041056 ], [ 127.039766458007279, 37.551668340525204 ], [ 127.040196250746092, 37.549944209389416 ] ] ] } },
{ "type": "Feature", "properties": { "station_id": "ST253", "station_name": "응암", "SWST_NM": "응암", "hoseon": "6호선" }, "geometry": { "type": "Polygon", "coordinates": [ [ [ 126.921238929188164, 37.598608914127148 ], [ 126.920809767562019, 37.596884655410911 ], [ 126.919584016666903, 37.595422313741729 ], [ 126.917748307797865, 37.594444496873074 ], [ 126.915582089486236, 37.594100047971757 ], [ 126.913415096592132, 37.594441397650868 ], [ 126.91157718175495, 37.595416586925168 ], [ 126.910348128997256, 37.596877172572128 ], [ 126.909915071945363, 37.598600814259825 ], [ 126.91034399185483, 37.600325111785068 ], [ 126.911569641963652, 37.60178754807319 ], [ 126.913405450015986, 37.602765459944273 ], [ 126.91557190938029, 37.603109948580318 ], [ 126.917739143991042, 37.602768560092208 ], [ 126.919577159614533, 37.60179327619894 ], [ 126.920806113188917, 37.600332595549588 ], [ 126.921238929188164, 37.598608914127148 ] ] ] } },
{ "type": "Feature", "properties": { "station_id": "ST254", "station_name": "이대", "SWST_NM": "이대", "hoseon": "2호선" }, "geometry": { "type": "Polygon", "coordinates": [ [ [ 126.951671762994977, 37.556735451817751 ], [ 126.951242138550583, 37.555011291113878 ], [ 126.950016477276023, 37.553549255107193 ], [ 126.948181396714929, 37.552571905032906 ], [ 126.946016249726398, 37.552228013038707 ], [ 126.943850608153326, 37.552569925002679 ], [ 126.942014119042753, 37.553545596360166 ], [ 126.940786349470898, 37.555006510479743 ], [ 126.940354237728698, 37.556730276976452 ], [ 126.940783621074942, 37.558454476596971 ], [ 126.942009182059451, 37.559916607148388 ], [ 126.943844361887145, 37.560894052012507 ], [ 126.94600974954993, 37.561237983515007 ], [ 126.948175632221165, 37.560896032634396 ], [ 126.950012221621776, 37.559920266732171 ], [ 126.951239891927003, 37.558459257822769 ], [ 126.951671762994977, 37.556735451817751 ] ] ] } },
{ "type": "Feature", "properties": { "station_id": "ST255", "station_name": "이수", "SWST_NM": "이수", "hoseon": "7호선" }, "geometry": { "type": "Polygon", "coordinates": [ [ [ 126.987258364970856, 37.4851967449356 ], [ 126.986828330840979, 37.483472692621334 ], [ 126.985603143941077, 37.482011008291408 ], [ 126.98376934944605, 37.481034199677019 ], [ 126.981606104426191, 37.480690956564153 ], [ 126.979442691320756, 37.481033526108831 ], [ 126.977608418127289, 37.482009763656009 ], [ 126.976382514718182, 37.483471066341444 ], [ 126.975951635275024, 37.485194984553949 ], [ 126.976381429296438, 37.486919075878525 ], [ 126.977606516596111, 37.488380854589032 ], [ 126.979440410343628, 37.489357757667428 ], [ 126.981603895327922, 37.489701039992013 ], [ 126.98376754854182, 37.489358431437047 ], [ 126.985601921335515, 37.488382099509259 ], [ 126.986827725492148, 37.486920702359818 ], [ 126.987258364970856, 37.4851967449356 ] ] ] } },
{ "type": "Feature", "properties": { "station_id": "ST256", "station_name": "이촌(국립중앙박물관)", "SWST_NM": "이촌(국립중앙박물관)", "hoseon": "4호선, 경의중앙선" }, "geometry": { "type": "Polygon", "coordinates": [ [ [ 126.974734519049406, 37.517789985134577 ], [ 126.971243073870824, 37.518264402094587 ], [ 126.969407782739736, 37.519240505737663 ], [ 126.968181110230461, 37.520701713757106 ], [ 126.967749827635913, 37.522425590985463 ], [ 126.968179645919662, 37.524149701268406 ], [ 126.969405181304438, 37.525611555991844 ], [ 126.97123987879958, 37.526588580541876 ], [ 126.973404400807894, 37.526932011272137 ], [ 126.976373537887568, 37.52660636710398 ], [ 126.978320223980759, 37.525778134437104 ], [ 126.979720715438631, 37.524419609992734 ], [ 126.980145263782134, 37.523603770088528 ], [ 126.980389162805849, 37.522296074589683 ], [ 126.980145956852354, 37.520988297419002 ], [ 126.979721864976995, 37.520172312856197 ], [ 126.978322239173281, 37.518813289754732 ], [ 126.976898802965195, 37.518133352249606 ], [ 126.975837887397972, 37.51787677863733 ], [ 126.974734519049406, 37.517789985134577 ] ] ] } },
{ "type": "Feature", "properties": { "station_id": "ST257", "station_name": "이태원", "SWST_NM": "이태원", "hoseon": "6호선" }, "geometry": { "type": "Polygon", "coordinates": [ [ [ 126.999959083932495, 37.534488137454851 ], [ 126.999528474912054, 37.532764145776227 ], [ 126.998302234618194, 37.531302605337423 ], [ 126.99646706862201, 37.530326001920635 ], [ 126.99430234271388, 37.529982994042001 ], [ 126.992137564647194, 37.530325793045193 ], [ 126.990302250106396, 37.5313022193724 ], [ 126.989075787472942, 37.532763641462168 ], [ 126.988644916143812, 37.534487591555461 ], [ 126.98907528451997, 37.536211622383838 ], [ 126.990301425091033, 37.537673257400925 ], [ 126.992136690702111, 37.538649955421853 ], [ 126.994301657209817, 37.538993002512655 ], [ 126.996466675920772, 37.538650164359716 ], [ 126.99830209018441, 37.537673643454227 ], [ 126.999528453202942, 37.536212126760319 ], [ 126.999959083932495, 37.534488137454851 ] ] ] } },
{ "type": "Feature", "properties": { "station_id": "ST258", "station_name": "일원", "SWST_NM": "일원", "hoseon": "3호선" }, "geometry": { "type": "Polygon", "coordinates": [ [ [ 127.090043244274, 37.483676826876177 ], [ 127.089610857734044, 37.481953150550353 ], [ 127.088383695138575, 37.480492533575408 ], [ 127.086548602232, 37.479517321138076 ], [ 127.08438493354717, 37.479175960072631 ], [ 127.082222035939395, 37.479520411132931 ], [ 127.08038913901764, 37.480498243341692 ], [ 127.079165263341693, 37.481960611111148 ], [ 127.078736754598026, 37.483684902629008 ], [ 127.079168901450899, 37.485408618525454 ], [ 127.080395965425453, 37.486869330108384 ], [ 127.082231158548126, 37.487844636770944 ], [ 127.084395067580843, 37.488186036483022 ], [ 127.086558204875743, 37.487841545852085 ], [ 127.088391200418386, 37.486863619035383 ], [ 127.089614975878206, 37.485401157040677 ], [ 127.090043244274, 37.483676826876177 ] ] ] } },
{ "type": "Feature", "properties": { "station_id": "ST259", "station_name": "잠실(송파구청)", "SWST_NM": "잠실(송파구청)", "hoseon": "2호선" }, "geometry": { "type": "Polygon", "coordinates": [ [ [ 127.10021109571187, 37.517765169738951 ], [ 127.101677368311897, 37.518667389723248 ], [ 127.103240737930378, 37.519111417349038 ], [ 127.104898619187324, 37.519174826278508 ], [ 127.106508211800588, 37.518852154880946 ], [ 127.107930876938127, 37.518171196044605 ], [ 127.10904408404997, 37.517190602105693 ], [ 127.109751967021282, 37.515994830842423 ], [ 127.109993579241305, 37.514686868762162 ], [ 127.109748136957919, 37.513379359448578 ], [ 127.109322678012248, 37.512563840801221 ], [ 127.107920847235846, 37.511206354258725 ], [ 127.105973632652436, 37.510379509417433 ], [ 127.104285658909291, 37.510188830099523 ], [ 127.103295849914645, 37.509513511195514 ], [ 127.102317574048399, 37.509098053939283 ], [ 127.100152980416127, 37.508756984689647 ], [ 127.097989302920482, 37.50910172377607 ], [ 127.096155889838712, 37.510079796399737 ], [ 127.094931840312384, 37.511542320401588 ], [ 127.094503526559052, 37.513266660198504 ], [ 127.094936207646995, 37.514990309060941 ], [ 127.096164063831495, 37.5164508484743 ], [ 127.098000186531152, 37.517425904013251 ], [ 127.099061512139002, 37.517681379925286 ], [ 127.10021109571187, 37.517765169738951 ] ] ] } },
{ "type": "Feature", "properties": { "station_id": "ST260", "station_name": "잠실나루", "SWST_NM": "잠실나루", "hoseon": "2호선" }, "geometry": { "type": "Polygon", "coordinates": [ [ [ 127.109446035277159, 37.520727894294346 ], [ 127.109012987141824, 37.519004300824761 ], [ 127.107784838903285, 37.517543896059678 ], [ 127.105948586360455, 37.516568992841833 ], [ 127.103783760510836, 37.516227990911723 ], [ 127.101619884265773, 37.516572796359824 ], [ 127.099786336144305, 37.517550924290965 ], [ 127.098562235846018, 37.519013484133339 ], [ 127.098133963333524, 37.520737834851197 ], [ 127.098566771418945, 37.522461468050338 ], [ 127.09979482103941, 37.523921967594148 ], [ 127.101631174165107, 37.524896965119765 ], [ 127.103796240878481, 37.525238005642485 ], [ 127.105960357173473, 37.524893160464813 ], [ 127.107794003913028, 37.523914937754981 ], [ 127.109018003628464, 37.522452283604821 ], [ 127.109446035277159, 37.520727894294346 ] ] ] } },
{ "type": "Feature", "properties": { "station_id": "ST261", "station_name": "잠실새내", "SWST_NM": "잠실새내", "hoseon": "2호선" }, "geometry": { "type": "Polygon", "coordinates": [ [ [ 127.091817355607205, 37.51168273934622 ], [ 127.091384765470536, 37.509959077970933 ], [ 127.090157108918675, 37.508498487004317 ], [ 127.088321306922396, 37.507523307651944 ], [ 127.086156821933287, 37.507181981691282 ], [ 127.083993125008064, 37.507526464525313 ], [ 127.082159567374035, 37.508504320350269 ], [ 127.080935270152438, 37.509966700004689 ], [ 127.080506643239858, 37.511690989886837 ], [ 127.080938993364356, 37.51341469088235 ], [ 127.082166551175291, 37.514875376556923 ], [ 127.084002453543008, 37.515850650226348 ], [ 127.086167179219643, 37.516192014863506 ], [ 127.088331116157065, 37.515847492409222 ], [ 127.090164772531992, 37.51486954187633 ], [ 127.09138896938218, 37.513407067904851 ], [ 127.091817355607205, 37.51168273934622 ] ] ] } },
{ "type": "Feature", "properties": { "station_id": "ST262", "station_name": "잠원", "SWST_NM": "잠원", "hoseon": "3호선" }, "geometry": { "type": "Polygon", "coordinates": [ [ [ 127.01687544329701, 37.512758327405692 ], [ 127.016444570073432, 37.511034391093148 ], [ 127.015218355549564, 37.50957302088591 ], [ 127.013383501315374, 37.50859667665781 ], [ 127.011219325686767, 37.508253977490313 ], [ 127.009055252683709, 37.508597087755376 ], [ 127.007220690721383, 37.509573780521819 ], [ 127.005994913665958, 37.511035383657372 ], [ 127.005564556552855, 37.512759401815977 ], [ 127.00599518945674, 37.514483377340078 ], [ 127.007221304524919, 37.515944842089489 ], [ 127.009056258427137, 37.516921280808859 ], [ 127.01122067446336, 37.517264019065024 ], [ 127.013384987786125, 37.51692086958839 ], [ 127.01521964920417, 37.515944082279773 ], [ 127.016445326591537, 37.51448238465295 ], [ 127.01687544329701, 37.512758327405692 ] ] ] } },
{ "type": "Feature", "properties": { "station_id": "ST263", "station_name": "장승배기", "SWST_NM": "장승배기", "hoseon": "7호선" }, "geometry": { "type": "Polygon", "coordinates": [ [ [ 126.944804847655405, 37.504900777584048 ], [ 126.944375677038252, 37.503176577083856 ], [ 126.943150996427335, 37.501714457733364 ], [ 126.941317274027668, 37.500736993497974 ], [ 126.93915365599976, 37.500392973940563 ], [ 126.936989481555443, 37.500734764367408 ], [ 126.935154174512604, 37.501710338692703 ], [ 126.933927122029814, 37.503171195015419 ], [ 126.933495153158589, 37.504894951714491 ], [ 126.933924083267542, 37.506619191020299 ], [ 126.93514866377987, 37.50808140472229 ], [ 126.936982485126947, 37.509058963585233 ], [ 126.939146343186195, 37.509403022614698 ], [ 126.941310758138698, 37.509061193382244 ], [ 126.943146165280154, 37.508085524705429 ], [ 126.944373118815534, 37.506624573755182 ], [ 126.944804847655405, 37.504900777584048 ] ] ] } },
{ "type": "Feature", "properties": { "station_id": "ST264", "station_name": "장지", "SWST_NM": "장지", "hoseon": "8호선" }, "geometry": { "type": "Polygon", "coordinates": [ [ [ 127.131843861369518, 37.478696827496442 ], [ 127.131410544110651, 37.47697330433833 ], [ 127.130182650856028, 37.475513121548531 ], [ 127.1283471384953, 37.474538558196386 ], [ 127.126183425339221, 37.47419796232321 ], [ 127.124020864991081, 37.474543178240438 ], [ 127.122188635763678, 37.475521658576241 ], [ 127.120965656657347, 37.476984459088122 ], [ 127.120538136944091, 37.478708902058294 ], [ 127.12097121473974, 37.480432465008512 ], [ 127.122199009793277, 37.481892742483332 ], [ 127.124034622740012, 37.482867399948219 ], [ 127.126198576347207, 37.483208034231907 ], [ 127.128361376158566, 37.482862778522588 ], [ 127.130193703587025, 37.481884203501757 ], [ 127.131416582107391, 37.480421308877133 ], [ 127.131843861369518, 37.478696827496442 ] ] ] } },
{ "type": "Feature", "properties": { "station_id": "ST265", "station_name": "장한평", "SWST_NM": "장한평", "hoseon": "5호선" }, "geometry": { "type": "Polygon", "coordinates": [ [ [ 127.070282117092333, 37.561436766876646 ], [ 127.069849733043242, 37.559713040949752 ], [ 127.068621678636461, 37.558252238870786 ], [ 127.066784935509588, 37.55727673395878 ], [ 127.064619109383628, 37.556935017507143 ], [ 127.062453875380982, 37.557279104326724 ], [ 127.060618818588551, 37.558256618893154 ], [ 127.059393288263806, 37.559718764024957 ], [ 127.058963882041283, 37.561442961871919 ], [ 127.059396025402066, 37.563166727372078 ], [ 127.060623980619994, 37.564627624281087 ], [ 127.062460824160965, 37.565603223729724 ], [ 127.06462689148276, 37.565944979046343 ], [ 127.066792366173715, 37.565600852653496 ], [ 127.068627522154941, 37.564623243257053 ], [ 127.069852952065617, 37.563161003588597 ], [ 127.070282117092333, 37.561436766876646 ] ] ] } },
{ "type": "Feature", "properties": { "station_id": "ST266", "station_name": "정릉", "SWST_NM": "정릉", "hoseon": "우이신설선" }, "geometry": { "type": "Polygon", "coordinates": [ [ [ 127.019058277694583, 37.603132221473388 ], [ 127.01862683264153, 37.601408319730766 ], [ 127.017399093106775, 37.59994699498872 ], [ 127.0155619929414, 37.598970700131161 ], [ 127.0133951922828, 37.59862804665719 ], [ 127.011228514552812, 37.598971191957126 ], [ 127.009391764481421, 37.599947903796462 ], [ 127.008164548962469, 37.601409507207556 ], [ 127.007733722125536, 37.603133506868517 ], [ 127.008164925791561, 37.604857447963127 ], [ 127.009392565445935, 37.606318867562344 ], [ 127.011229765746108, 37.607295257216258 ], [ 127.013396807897109, 37.607637949895313 ], [ 127.015563727014111, 37.607294765243388 ], [ 127.017400576965912, 37.606317958546853 ], [ 127.018627692350037, 37.604856260339432 ], [ 127.019058277694583, 37.603132221473388 ] ] ] } },
{ "type": "Feature", "properties": { "station_id": "ST267", "station_name": "제기동", "SWST_NM": "제기동", "hoseon": "1호선" }, "geometry": { "type": "Polygon", "coordinates": [ [ [ 127.040553380711927, 37.578101191180231 ], [ 127.040121584886805, 37.576377360858352 ], [ 127.038893836759726, 37.574916253481831 ], [ 127.037057071418843, 37.573940288850672 ], [ 127.03489089801019, 37.573598028219273 ], [ 127.032725044508979, 37.573941569204472 ], [ 127.030889190246825, 37.574918619350079 ], [ 127.029662805809735, 37.576380452176302 ], [ 127.029232618819975, 37.578104537405665 ], [ 127.029664173641137, 37.579828407161713 ], [ 127.030891822215366, 37.581289609358201 ], [ 127.03272868777114, 37.582265668650869 ], [ 127.034895102457909, 37.582607968333917 ], [ 127.037061196963037, 37.582264387914563 ], [ 127.03889715077807, 37.581287242949003 ], [ 127.040123435000282, 37.57982531546125 ], [ 127.040553380711927, 37.578101191180231 ] ] ] } },
{ "type": "Feature", "properties": { "station_id": "ST268", "station_name": "종각", "SWST_NM": "종각", "hoseon": "1호선" }, "geometry": { "type": "Polygon", "coordinates": [ [ [ 126.988582780771878, 37.570161683024104 ], [ 126.988152228683703, 37.568437660307794 ], [ 126.986925626153933, 37.566976010525323 ], [ 126.985089733962397, 37.565999236084529 ], [ 126.982924028441332, 37.565656021506314 ], [ 126.980758166399042, 37.565998609577989 ], [ 126.978921828443674, 37.56697485285158 ], [ 126.97769455870079, 37.568436147654815 ], [ 126.977263219457129, 37.570160045639035 ], [ 126.977693530431736, 37.571884107493382 ], [ 126.978920032954818, 37.573345851950648 ], [ 126.980756024829148, 37.574322721143751 ], [ 126.982921971329603, 37.574665975047196 ], [ 126.985088074485489, 37.574323347837492 ], [ 126.986924512447544, 37.573347009889112 ], [ 126.988151682507649, 37.571885620333539 ], [ 126.988582780771878, 37.570161683024104 ] ] ] } },
{ "type": "Feature", "properties": { "station_id": "ST269", "station_name": "종로3가", "SWST_NM": "종로3가", "hoseon": "1호선, 3호선, 5호선" }, "geometry": { "type": "Polygon", "coordinates": [ [ [ 126.997207128371656, 37.572912977691587 ], [ 126.997479560844226, 37.569964689661042 ], [ 126.997263138231702, 37.569098523923714 ], [ 126.996838587238969, 37.568282607457263 ], [ 126.995849259334165, 37.567220708064028 ], [ 126.994515302309495, 37.566433117962809 ], [ 126.993490328230337, 37.566095106484639 ], [ 126.992402212748601, 37.565922751252025 ], [ 126.990743374709524, 37.565987502064161 ], [ 126.988703149670485, 37.56665998855209 ], [ 126.987141479095783, 37.567902749741499 ], [ 126.986364256321096, 37.569310204067882 ], [ 126.98559939648618, 37.570036689171729 ], [ 126.984889019434107, 37.571231705595132 ], [ 126.984645039207422, 37.572539399504741 ], [ 126.984753614597267, 37.573418290556234 ], [ 126.985598432617792, 37.575042349202441 ], [ 126.987159851127956, 37.576285448540517 ], [ 126.989200158346264, 37.576958315735439 ], [ 126.991408696006644, 37.576958497126093 ], [ 126.993449177691417, 37.576285965084942 ], [ 126.996166007757907, 37.574463148890537 ], [ 126.997207128371656, 37.572912977691587 ] ] ] } },
{ "type": "Feature", "properties": { "station_id": "ST270", "station_name": "종로5가", "SWST_NM": "종로5가", "hoseon": "1호선" }, "geometry": { "type": "Polygon", "coordinates": [ [ [ 127.007508838782712, 37.570925775682937 ], [ 127.007077846071184, 37.569201822234071 ], [ 127.005850861208302, 37.567740369285978 ], [ 127.00401470314246, 37.566763889270355 ], [ 127.00184888864321, 37.566421021893291 ], [ 126.999683091091597, 37.566763957106083 ], [ 126.997846981291872, 37.567740494634435 ], [ 126.996620068672996, 37.569201986018314 ], [ 126.996189161192561, 37.570925952972694 ], [ 126.996619912855635, 37.572649945664423 ], [ 126.997846797887533, 37.574111493332929 ], [ 126.999683055819432, 37.575088068060538 ], [ 127.001849111381645, 37.575430974660222 ], [ 127.00401514998164, 37.575088000204559 ], [ 127.005851359612365, 37.574111367955815 ], [ 127.007078172365183, 37.572649781859916 ], [ 127.007508838782712, 37.570925775682937 ] ] ] } },
{ "type": "Feature", "properties": { "station_id": "ST271", "station_name": "종합운동장", "SWST_NM": "종합운동장", "hoseon": "2호선, 9호선" }, "geometry": { "type": "Polygon", "coordinates": [ [ [ 127.073925812511632, 37.51551837393712 ], [ 127.075176130006113, 37.51584516098378 ], [ 127.076279584866754, 37.515931016168047 ], [ 127.078443560054296, 37.515586674800865 ], [ 127.080277339361857, 37.514608877576116 ], [ 127.081501725091783, 37.513146505789024 ], [ 127.081930337367879, 37.511422212739078 ], [ 127.081497976030377, 37.509698514802558 ], [ 127.080270516200926, 37.508237820782711 ], [ 127.078434848921162, 37.507262487579069 ], [ 127.074253875988148, 37.506538325601483 ], [ 127.072058206612454, 37.506711977318652 ], [ 127.070113053259277, 37.507541756464271 ], [ 127.069329744363642, 37.508166692442884 ], [ 127.068477601555557, 37.509301148212131 ], [ 127.06807552260058, 37.510583808583924 ], [ 127.068076324676497, 37.511466946745131 ], [ 127.068480751610181, 37.512749140459412 ], [ 127.069004087308357, 37.513527694338407 ], [ 127.070119568407534, 37.514506609742263 ], [ 127.071041872045399, 37.514996703832658 ], [ 127.072604984254255, 37.515441137522551 ], [ 127.073925812511632, 37.51551837393712 ] ] ] } },
{ "type": "Feature", "properties": { "station_id": "ST272", "station_name": "중계", "SWST_NM": "중계", "hoseon": "7호선" }, "geometry": { "type": "Polygon", "coordinates": [ [ [ 127.069968418814256, 37.644579776040651 ], [ 127.069535557505034, 37.642856073781715 ], [ 127.068306139331483, 37.641395290403587 ], [ 127.066467353641642, 37.6404197963165 ], [ 127.064299117029279, 37.64007808110383 ], [ 127.062131471376588, 37.640422159361897 ], [ 127.060294368707204, 37.641399656895032 ], [ 127.059067469655375, 37.642861779176755 ], [ 127.058637580320848, 37.644585951897561 ], [ 127.059070199949034, 37.646309693846668 ], [ 127.06029951852166, 37.647770572339837 ], [ 127.062138405035583, 37.648746161249719 ], [ 127.064306883835627, 37.649087915447041 ], [ 127.066474771169382, 37.648743797498803 ], [ 127.068311973439677, 37.647766204850619 ], [ 127.069538771667411, 37.646303987746101 ], [ 127.069968418814256, 37.644579776040651 ] ] ] } },
{ "type": "Feature", "properties": { "station_id": "ST273", "station_name": "중곡", "SWST_NM": "중곡", "hoseon": "7호선" }, "geometry": { "type": "Polygon", "coordinates": [ [ [ 127.089979453543734, 37.565918822334559 ], [ 127.0895465897148, 37.56419517044688 ], [ 127.088318077400601, 37.562734574911531 ], [ 127.086480967915264, 37.561759377590171 ], [ 127.084314922709268, 37.561418022954712 ], [ 127.082149650229709, 37.561762470754822 ], [ 127.080314741426605, 37.562740290534869 ], [ 127.079089523063047, 37.564202638660369 ], [ 127.078660545325619, 37.565926906370741 ], [ 127.079093168490687, 37.567650597945914 ], [ 127.080321581780993, 37.569111288371175 ], [ 127.082158791889228, 37.570086580199614 ], [ 127.084325078421415, 37.570427973598363 ], [ 127.086490591564854, 37.570083486110747 ], [ 127.088325599391865, 37.569105571440808 ], [ 127.089550717132497, 37.567643128808221 ], [ 127.089979453543734, 37.565918822334559 ] ] ] } },
{ "type": "Feature", "properties": { "station_id": "ST274", "station_name": "중랑", "SWST_NM": "중랑", "hoseon": "경의중앙선" }, "geometry": { "type": "Polygon", "coordinates": [ [ [ 127.081777649824687, 37.59491321308316 ], [ 127.081344805861065, 37.593189539581715 ], [ 127.080115976082269, 37.591728866255686 ], [ 127.078278260181278, 37.590753546792094 ], [ 127.076111411915463, 37.590412044232266 ], [ 127.073945261922461, 37.590756340827376 ], [ 127.072109534663909, 37.591734029140611 ], [ 127.070883681457602, 37.593196285569675 ], [ 127.070454349153479, 37.594920515339552 ], [ 127.070886952075554, 37.596644228524958 ], [ 127.072115682610217, 37.598104996821966 ], [ 127.073953499200385, 37.599080410910823 ], [ 127.076120589106338, 37.599421952320021 ], [ 127.078286980140902, 37.599077616040944 ], [ 127.080122806643558, 37.598099832756752 ], [ 127.081348559160688, 37.596637481702395 ], [ 127.081777649824687, 37.59491321308316 ] ] ] } },
{ "type": "Feature", "properties": { "station_id": "ST275", "station_name": "중앙보훈병원", "SWST_NM": "중앙보훈병원", "hoseon": "9호선" }, "geometry": { "type": "Polygon", "coordinates": [ [ [ 127.154395663752638, 37.529183740388767 ], [ 127.153961532558043, 37.527460316465017 ], [ 127.152732370580267, 37.526000383296129 ], [ 127.15089532786736, 37.52502618190038 ], [ 127.148730055611864, 37.524686005188293 ], [ 127.14656614462676, 37.525031633669187 ], [ 127.144732978736656, 37.526010457204521 ], [ 127.14350961953339, 37.527473479351272 ], [ 127.143082334255766, 37.529197988676039 ], [ 127.143516225477953, 37.530921452587293 ], [ 127.144745289222612, 37.532381480665038 ], [ 127.146582432985241, 37.533355776294648 ], [ 127.148747946379785, 37.533695991364745 ], [ 127.150912097337255, 37.533350322896347 ], [ 127.152745361460489, 37.532371404452164 ], [ 127.153968619614034, 37.530908288071515 ], [ 127.154395663752638, 37.529183740388767 ] ] ] } },
{ "type": "Feature", "properties": { "station_id": "ST276", "station_name": "중화", "SWST_NM": "중화", "hoseon": "7호선" }, "geometry": { "type": "Polygon", "coordinates": [ [ [ 127.084926227408715, 37.602541061390546 ], [ 127.084493266311753, 37.600817401809849 ], [ 127.083264249326419, 37.599356763378147 ], [ 127.08142630464782, 37.59838149446292 ], [ 127.079259220847945, 37.598040050405835 ], [ 127.077092864399972, 37.598384404552966 ], [ 127.075256991179415, 37.599362140711818 ], [ 127.074031074723791, 37.600824428003264 ], [ 127.073601771526896, 37.602548666957894 ], [ 127.074034491503824, 37.60427236625069 ], [ 127.075263409237451, 37.605733099686688 ], [ 127.077101454673013, 37.606708463246193 ], [ 127.079268780216438, 37.607049946146169 ], [ 127.081435377784459, 37.606705552286925 ], [ 127.083271350256695, 37.605727721123777 ], [ 127.084497165955369, 37.604265339188082 ], [ 127.084926227408715, 37.602541061390546 ] ] ] } },
{ "type": "Feature", "properties": { "station_id": "ST277", "station_name": "증미", "SWST_NM": "증미", "hoseon": "9호선" }, "geometry": { "type": "Polygon", "coordinates": [ [ [ 126.867597800195512, 37.557408481302247 ], [ 126.867170109769106, 37.555684018088598 ], [ 126.865946082240896, 37.554221112273929 ], [ 126.864112086604692, 37.553242457554902 ], [ 126.861947310721789, 37.552897024657995 ], [ 126.859781270007915, 37.553237393949757 ], [ 126.857943672202993, 37.554211755623697 ], [ 126.856714252998628, 37.555671792394627 ], [ 126.856280201655181, 37.557395247487605 ], [ 126.856707650647735, 37.559119749157631 ], [ 126.857931577086674, 37.560582749327281 ], [ 126.859765671194879, 37.561561499028016 ], [ 126.861930687427559, 37.561906971894381 ], [ 126.864096969575257, 37.561566564146233 ], [ 126.865934668469464, 37.560592108117341 ], [ 126.867163989201785, 37.559131976364682 ], [ 126.867597800195512, 37.557408481302247 ] ] ] } },
{ "type": "Feature", "properties": { "station_id": "ST278", "station_name": "증산(명지대앞)", "SWST_NM": "증산(명지대앞)", "hoseon": "6호선" }, "geometry": { "type": "Polygon", "coordinates": [ [ [ 126.915305812624169, 37.583880197331901 ], [ 126.914876871832107, 37.582155912996718 ], [ 126.913651478087573, 37.580693506495045 ], [ 126.911816208309048, 37.579715595464343 ], [ 126.909650444208211, 37.579371037414873 ], [ 126.907483851538771, 37.579712279573997 ], [ 126.905646222042691, 37.5806873793139 ], [ 126.904417296305638, 37.582147907028912 ], [ 126.90398418858824, 37.58387153119871 ], [ 126.904412887816378, 37.585595854289487 ], [ 126.905638180791627, 37.587058355346031 ], [ 126.907473549624783, 37.588036361341914 ], [ 126.909639554579343, 37.588380959137581 ], [ 126.911806388812693, 37.588039678222849 ], [ 126.913644119078057, 37.587064483928089 ], [ 126.914872945760493, 37.58560386124789 ], [ 126.915305812624169, 37.583880197331901 ] ] ] } },
{ "type": "Feature", "properties": { "station_id": "ST279", "station_name": "창동", "SWST_NM": "창동", "hoseon": "1호선, 4호선" }, "geometry": { "type": "Polygon", "coordinates": [ [ [ 127.047803112332744, 37.648502086280729 ], [ 127.045103172797255, 37.648926851433792 ], [ 127.044123885508156, 37.649343520716748 ], [ 127.042561408838225, 37.650586998180501 ], [ 127.041716312957064, 37.65221123122295 ], [ 127.0417172962687, 37.653968960807852 ], [ 127.042564265862609, 37.65559258848549 ], [ 127.04412831839187, 37.656834915858425 ], [ 127.046171340942323, 37.657506787551419 ], [ 127.047276856176794, 37.65759291024284 ], [ 127.048914291920326, 37.65742489650718 ], [ 127.050956454243391, 37.656751378387007 ], [ 127.052518919848978, 37.655507791041749 ], [ 127.053363817629929, 37.653883481665929 ], [ 127.053362559803986, 37.652125752352738 ], [ 127.052515394653227, 37.6505022013881 ], [ 127.050951335458961, 37.649259983881663 ], [ 127.048908495937781, 37.648588193903016 ], [ 127.047803112332744, 37.648502086280729 ] ] ] } },
{ "type": "Feature", "properties": { "station_id": "ST280", "station_name": "창신", "SWST_NM": "창신", "hoseon": "6호선" }, "geometry": { "type": "Polygon", "coordinates": [ [ [ 127.020901499640146, 37.579660133456585 ], [ 127.020470147797184, 37.577936231551647 ], [ 127.01924275791788, 37.576474920060853 ], [ 127.017406210592526, 37.575498649867264 ], [ 127.015240081815037, 37.575156028733495 ], [ 127.013074092778567, 37.575499209135813 ], [ 127.011237943427929, 37.576475953490608 ], [ 127.010011149231659, 37.577937581863509 ], [ 127.009580500155366, 37.579661595114032 ], [ 127.010011610898502, 37.581385536347639 ], [ 127.011238901030751, 37.582846942619199 ], [ 127.013075548392322, 37.583823307524369 ], [ 127.015241918389435, 37.584165967819743 ], [ 127.01740814852576, 37.583822748088735 ], [ 127.019244397623424, 37.582845908953161 ], [ 127.020471091783492, 37.5813841858687 ], [ 127.020901499640146, 37.579660133456585 ] ] ] } },
{ "type": "Feature", "properties": { "station_id": "ST281", "station_name": "천왕", "SWST_NM": "천왕", "hoseon": "7호선" }, "geometry": { "type": "Polygon", "coordinates": [ [ [ 126.844366452344502, 37.486644582476664 ], [ 126.843939695006128, 37.484920016475996 ], [ 126.842717272444261, 37.483456855879894 ], [ 126.840885309282342, 37.48247783323724 ], [ 126.838722684078334, 37.482131975328848 ], [ 126.836558585028513, 37.482471927219848 ], [ 126.834722424435043, 37.483445942599978 ], [ 126.833493719215994, 37.484905756840135 ], [ 126.833059549811551, 37.486629147002311 ], [ 126.833486066468652, 37.488353751232211 ], [ 126.834708388074077, 37.489817005887843 ], [ 126.836540449143286, 37.490796123321523 ], [ 126.838703313765578, 37.491142021225166 ], [ 126.840867653496701, 37.490802031104927 ], [ 126.842703915046627, 37.489827921665274 ], [ 126.843932522358372, 37.488368012634076 ], [ 126.844366452344502, 37.486644582476664 ] ] ] } },
{ "type": "Feature", "properties": { "station_id": "ST282", "station_name": "천호(풍납토성)", "SWST_NM": "천호(풍납토성)", "hoseon": "5호선" }, "geometry": { "type": "Polygon", "coordinates": [ [ [ 127.117655675238467, 37.538725756070676 ], [ 127.118083976299232, 37.540369327351328 ], [ 127.119312700539766, 37.541829618387005 ], [ 127.121149746695579, 37.542804308287721 ], [ 127.123315419282335, 37.543144988898248 ], [ 127.125479961992468, 37.542799786332168 ], [ 127.127313790741809, 37.541821263195544 ], [ 127.128537700373457, 37.540358411340371 ], [ 127.128965383618564, 37.538633957149017 ], [ 127.128665493573607, 37.536799495738734 ], [ 127.127622315427331, 37.535250418372478 ], [ 127.126837082797977, 37.53462679385737 ], [ 127.125412001705598, 37.533948650390961 ], [ 127.123246585758707, 37.53360800724284 ], [ 127.121082298205025, 37.533953168962064 ], [ 127.119659453676007, 37.534634284699308 ], [ 127.118876276113667, 37.535259546194396 ], [ 127.11783820009326, 37.536810796060784 ], [ 127.117623202605628, 37.537677175591689 ], [ 127.117655675238467, 37.538725756070676 ] ] ] } },
{ "type": "Feature", "properties": { "station_id": "ST283", "station_name": "청계산입구", "SWST_NM": "청계산입구", "hoseon": "신분당선" }, "geometry": { "type": "Polygon", "coordinates": [ [ [ 127.061314502551554, 37.447208203723306 ], [ 127.060882986617997, 37.445484410774164 ], [ 127.05965697933685, 37.444023485338889 ], [ 127.057823150586671, 37.443047819605653 ], [ 127.055660662541655, 37.442705929431753 ], [ 127.0534986824334, 37.44304985610006 ], [ 127.051666300259001, 37.444027248421939 ], [ 127.050442458192336, 37.445489327737299 ], [ 127.050013496705461, 37.447213526135521 ], [ 127.050444773270669, 37.448937358446315 ], [ 127.051670681837436, 37.450398378299852 ], [ 127.053504610352746, 37.451374138199022 ], [ 127.055667338201303, 37.451716067125396 ], [ 127.057829557677906, 37.45137210109543 ], [ 127.059662038566685, 37.450394614355289 ], [ 127.060885780868205, 37.448932440873996 ], [ 127.061314502551554, 37.447208203723306 ] ] ] } },
{ "type": "Feature", "properties": { "station_id": "ST284", "station_name": "청구", "SWST_NM": "청구", "hoseon": "5호선, 6호선" }, "geometry": { "type": "Polygon", "coordinates": [ [ [ 127.008648423914011, 37.562400105651562 ], [ 127.010396415441207, 37.564090769544102 ], [ 127.011318939548048, 37.564581325882422 ], [ 127.013432120203134, 37.56509135412238 ], [ 127.015629638410047, 37.564918793405987 ], [ 127.017576886489266, 37.564089918891568 ], [ 127.018977382190116, 37.562730937698049 ], [ 127.019617923810216, 37.561048764180917 ], [ 127.019401041727136, 37.559299506332209 ], [ 127.018359809706027, 37.55774946844442 ], [ 127.017228250647733, 37.556793129691826 ], [ 127.016305783851649, 37.556302618864926 ], [ 127.014192831847353, 37.555792641250918 ], [ 127.011995578331295, 37.555965175443696 ], [ 127.010048479809925, 37.556793959025669 ], [ 127.008647933003047, 37.558152835683693 ], [ 127.00800716951079, 37.55983495054641 ], [ 127.008223786774252, 37.561584229205991 ], [ 127.008648423914011, 37.562400105651562 ] ] ] } },
{ "type": "Feature", "properties": { "station_id": "ST285", "station_name": "청담", "SWST_NM": "청담", "hoseon": "7호선" }, "geometry": { "type": "Polygon", "coordinates": [ [ [ 127.059005939201583, 37.51936230984068 ], [ 127.058574058904625, 37.517638529872976 ], [ 127.057346915231506, 37.516177599316862 ], [ 127.055511351147373, 37.515201911087694 ], [ 127.053346792942932, 37.514859984412922 ], [ 127.051182722829068, 37.515203866107491 ], [ 127.049348548800026, 37.516181211849059 ], [ 127.048123485742039, 37.517643250121431 ], [ 127.047694060084325, 37.519367419317071 ], [ 127.048125700148702, 37.521091238736389 ], [ 127.049352744732516, 37.522552263952683 ], [ 127.051188408915806, 37.523528046599971 ], [ 127.053353207771167, 37.523870012141948 ], [ 127.055517518117611, 37.52352609099578 ], [ 127.057351791235945, 37.522548650594018 ], [ 127.058576754194789, 37.521086517903527 ], [ 127.059005939201583, 37.51936230984068 ] ] ] } },
{ "type": "Feature", "properties": { "station_id": "ST286", "station_name": "청량리(서울시립대입구)", "SWST_NM": "청량리(서울시립대입구)", "hoseon": "1호선" }, "geometry": { "type": "Polygon", "coordinates": [ [ [ 127.045050097028849, 37.584442712176859 ], [ 127.046136357754079, 37.584921912165328 ], [ 127.047748029305751, 37.585242498653564 ], [ 127.04940724447431, 37.585176946827879 ], [ 127.050971088035908, 37.584730902951797 ], [ 127.052304863653987, 37.583942786240371 ], [ 127.053293700303342, 37.582880478126931 ], [ 127.053852447299519, 37.581635473206596 ], [ 127.053933004967831, 37.580314996636766 ], [ 127.053290672955853, 37.578633224724577 ], [ 127.052300406878629, 37.577571800836147 ], [ 127.051442273145739, 37.577011926952544 ], [ 127.049940300553558, 37.576447329878377 ], [ 127.047834731120005, 37.576272297937614 ], [ 127.046225497253232, 37.575644380779345 ], [ 127.044027532130116, 37.575472931052758 ], [ 127.041914421890198, 37.575983949004765 ], [ 127.040207821428339, 37.57709964917791 ], [ 127.03916753424545, 37.57865019814372 ], [ 127.038951966139138, 37.580399557330907 ], [ 127.039593990911968, 37.582081406948305 ], [ 127.040995913117484, 37.583439688243388 ], [ 127.04294431376357, 37.584267593383906 ], [ 127.045050097028849, 37.584442712176859 ] ] ] } },
{ "type": "Feature", "properties": { "station_id": "ST287", "station_name": "총신대입구(이수)", "SWST_NM": "총신대입구(이수)", "hoseon": "4호선" }, "geometry": { "type": "Polygon", "coordinates": [ [ [ 126.987642445382818, 37.486263726577008 ], [ 126.987212396318284, 37.484539675970062 ], [ 126.985987184518933, 37.483077995882425 ], [ 126.984153358950735, 37.482101193398435 ], [ 126.981990081412675, 37.481757957370178 ], [ 126.979826639291502, 37.48210053387524 ], [ 126.977992344999748, 37.483076777199706 ], [ 126.976766431621471, 37.484538083600782 ], [ 126.97633555485794, 37.486262002902187 ], [ 126.976765363802826, 37.487986092523045 ], [ 126.977990476000315, 37.489447866995789 ], [ 126.97982440082987, 37.490424763946585 ], [ 126.981987918346547, 37.490768039185959 ], [ 126.984151600587339, 37.490425423666991 ], [ 126.985985994480941, 37.489449085957403 ], [ 126.987211808597863, 37.487987685089536 ], [ 126.987642445382818, 37.486263726577008 ] ] ] } },
{ "type": "Feature", "properties": { "station_id": "ST288", "station_name": "충무로", "SWST_NM": "충무로", "hoseon": "3호선, 4호선" }, "geometry": { "type": "Polygon", "coordinates": [ [ [ 126.988529769378005, 37.560327712442131 ], [ 126.988521483264648, 37.562308469483689 ], [ 126.98884339749587, 37.563153604046121 ], [ 126.990069974846094, 37.564615234848752 ], [ 126.991905898121303, 37.565591932078966 ], [ 126.994071643026388, 37.565934981903034 ], [ 126.996237442294699, 37.565592149582635 ], [ 126.998073520373197, 37.564615636729044 ], [ 126.999300329375004, 37.563154129100482 ], [ 126.999622377540106, 37.56230902686152 ], [ 126.999739103520668, 37.561207148130052 ], [ 126.999308345850636, 37.559483163468776 ], [ 126.998081672142206, 37.558021627364006 ], [ 126.996245853978962, 37.557045024918338 ], [ 126.99408035640964, 37.556702014480116 ], [ 126.991914804597386, 37.557044807774176 ], [ 126.990078831953227, 37.558021226119841 ], [ 126.988851927019937, 37.55948263919052 ], [ 126.988529769378005, 37.560327712442131 ] ] ] } },
{ "type": "Feature", "properties": { "station_id": "ST289", "station_name": "충정로(경기대입구)", "SWST_NM": "충정로(경기대입구)", "hoseon": "2호선, 5호선" }, "geometry": { "type": "Polygon", "coordinates": [ [ [ 126.962737429084413, 37.555392490457194 ], [ 126.960234463738615, 37.556262089551439 ], [ 126.959311843816877, 37.556752417016924 ], [ 126.957910376856518, 37.55811069143293 ], [ 126.957268473315438, 37.559792530425476 ], [ 126.957483904134051, 37.561541901639664 ], [ 126.958523927387077, 37.563092474885408 ], [ 126.960230240452105, 37.564208170998107 ], [ 126.962343061692422, 37.56471911355527 ], [ 126.964540686260449, 37.56454750379752 ], [ 126.967520339738968, 37.563450663011011 ], [ 126.969082243122543, 37.562208160512569 ], [ 126.969605523756655, 37.561429444254081 ], [ 126.970009562410311, 37.560147130491359 ], [ 126.969793842719099, 37.558397781581682 ], [ 126.9687536510244, 37.556847306292639 ], [ 126.967969515230521, 37.556222627600242 ], [ 126.966545462084468, 37.555542569350365 ], [ 126.96493477882251, 37.555220872946506 ], [ 126.963825489496443, 37.55522053829916 ], [ 126.962737429084413, 37.555392490457194 ] ] ] } },
{ "type": "Feature", "properties": { "station_id": "ST290", "station_name": "태릉입구", "SWST_NM": "태릉입구", "hoseon": "6호선, 7호선" }, "geometry": { "type": "Polygon", "coordinates": [ [ [ 127.069504351068773, 37.619065162385674 ], [ 127.070690405517865, 37.620799722951617 ], [ 127.071395401317787, 37.621481961122257 ], [ 127.073233784349966, 37.622457381962242 ], [ 127.075401549589259, 37.622798934504431 ], [ 127.077568621975161, 37.622454612037288 ], [ 127.079405032056584, 37.621476843147605 ], [ 127.080631181508878, 37.620014504895991 ], [ 127.081060422058357, 37.618290245556338 ], [ 127.080627458171875, 37.61656657640669 ], [ 127.079109800746139, 37.614477244046057 ], [ 127.077400566451701, 37.61336327819032 ], [ 127.075285585279303, 37.612854400960536 ], [ 127.074175441158431, 37.612855103962168 ], [ 127.07256368511328, 37.613177331876294 ], [ 127.071138890851898, 37.613857855958251 ], [ 127.070354478117778, 37.614482788579245 ], [ 127.069314297420732, 37.616033593312387 ], [ 127.069071649358662, 37.617341450794605 ], [ 127.069181283360507, 37.61822025670638 ], [ 127.069504351068773, 37.619065162385674 ] ] ] } },
{ "type": "Feature", "properties": { "station_id": "ST291", "station_name": "하계", "SWST_NM": "하계", "hoseon": "7호선" }, "geometry": { "type": "Polygon", "coordinates": [ [ [ 127.073654793352929, 37.636348599629081 ], [ 127.073221894964036, 37.634624908523072 ], [ 127.071992540562903, 37.633164161449542 ], [ 127.070153909772358, 37.632188723296032 ], [ 127.067985895605446, 37.63184707513846 ], [ 127.065818506097301, 37.632191221371556 ], [ 127.063981654300349, 37.633168777452909 ], [ 127.062754962672187, 37.634630939938248 ], [ 127.062325205732847, 37.636355128389503 ], [ 127.062757862553653, 37.638078859194145 ], [ 127.063987117429534, 37.639539701362743 ], [ 127.06582584903822, 37.640515234302349 ], [ 127.067994105308742, 37.640856921412642 ], [ 127.070161736385003, 37.640512735480925 ], [ 127.071998687707207, 37.639535084304505 ], [ 127.073225278517242, 37.638072827033064 ], [ 127.073654793352929, 37.636348599629081 ] ] ] } },
{ "type": "Feature", "properties": { "station_id": "ST292", "station_name": "학동", "SWST_NM": "학동", "hoseon": "7호선" }, "geometry": { "type": "Polygon", "coordinates": [ [ [ 127.03731155332612, 37.514227348888092 ], [ 127.036880201650106, 37.512503487778048 ], [ 127.035653564808541, 37.511042330271117 ], [ 127.033818408645146, 37.510066303848298 ], [ 127.031654097398317, 37.509723979217085 ], [ 127.029490075713539, 37.510067463753472 ], [ 127.027655744206854, 37.511044473571559 ], [ 127.026430341699978, 37.512506288281983 ], [ 127.026000446250237, 37.514230380319361 ], [ 127.026431557669341, 37.515954280754947 ], [ 127.027658095241392, 37.517415532855402 ], [ 127.029493351273402, 37.518391653728095 ], [ 127.031657903025291, 37.518734017338119 ], [ 127.033822164967006, 37.51839049347619 ], [ 127.035656595743191, 37.5174133890646 ], [ 127.036881898381452, 37.515951479904281 ], [ 127.03731155332612, 37.514227348888092 ] ] ] } },
{ "type": "Feature", "properties": { "station_id": "ST293", "station_name": "학여울", "SWST_NM": "학여울", "hoseon": "3호선" }, "geometry": { "type": "Polygon", "coordinates": [ [ [ 127.076248224669229, 37.496659485930486 ], [ 127.075816079640106, 37.494935762638789 ], [ 127.074588972536631, 37.493475005534229 ], [ 127.072753740697095, 37.492499581134169 ], [ 127.070589759819924, 37.492157968525817 ], [ 127.06842642426713, 37.492502166737779 ], [ 127.066593030275754, 37.493479783274282 ], [ 127.065368674037813, 37.494942005384658 ], [ 127.064939774386673, 37.496666243448274 ], [ 127.065371679520496, 37.498390006253629 ], [ 127.066598687809091, 37.49985085797951 ], [ 127.068434019798616, 37.500826376680692 ], [ 127.070598241124117, 37.501168028029632 ], [ 127.072761816572239, 37.500823790304011 ], [ 127.074595309378495, 37.499846079146174 ], [ 127.075819565466432, 37.498383762734697 ], [ 127.076248224669229, 37.496659485930486 ] ] ] } },
{ "type": "Feature", "properties": { "station_id": "ST294", "station_name": "한강진", "SWST_NM": "한강진", "hoseon": "6호선" }, "geometry": { "type": "Polygon", "coordinates": [ [ [ 127.007382472440369, 37.539630781838369 ], [ 127.00695166294507, 37.537906818748986 ], [ 127.005725193578513, 37.536445356679451 ], [ 127.003889804776307, 37.535468869473483 ], [ 127.001724896228282, 37.535125997954999 ], [ 126.999560003473576, 37.535468932715311 ], [ 126.997724659649805, 37.536445473539203 ], [ 126.996498257606319, 37.537906971441622 ], [ 126.996067527536496, 37.539630947121914 ], [ 126.996498096355467, 37.541354949409005 ], [ 126.997724466044176, 37.542816506091306 ], [ 126.999559954556901, 37.543793087902202 ], [ 127.001725103794797, 37.544135998599501 ], [ 127.003890237225846, 37.543793024641474 ], [ 127.00572568072748, 37.542816389204816 ], [ 127.006951983060418, 37.541354796697476 ], [ 127.007382472440369, 37.539630781838369 ] ] ] } },
{ "type": "Feature", "properties": { "station_id": "ST295", "station_name": "한남", "SWST_NM": "한남", "hoseon": "경의중앙선" }, "geometry": { "type": "Polygon", "coordinates": [ [ [ 127.014825701774342, 37.52942942535983 ], [ 127.01439477970213, 37.527705486458501 ], [ 127.013168332213354, 37.526244099152606 ], [ 127.011333096386835, 37.525267725907703 ], [ 127.009168448618766, 37.524924990209399 ], [ 127.007003884766931, 37.525268061983596 ], [ 127.005168887929031, 37.526244720161678 ], [ 127.003942798155194, 37.527706297888507 ], [ 127.003512298102919, 37.529430303699698 ], [ 127.003942979649295, 37.531154281825025 ], [ 127.005169327580916, 37.532615763725595 ], [ 127.007004663138218, 37.533592231523556 ], [ 127.009169551504016, 37.533935006345409 ], [ 127.011334355881701, 37.533591895347222 ], [ 127.013169452276713, 37.532615142574471 ], [ 127.01439544231981, 37.531153470294562 ], [ 127.014825701774342, 37.52942942535983 ] ] ] } },
{ "type": "Feature", "properties": { "station_id": "ST296", "station_name": "한성대입구(삼선교)", "SWST_NM": "한성대입구(삼선교)", "hoseon": "4호선" }, "geometry": { "type": "Polygon", "coordinates": [ [ [ 127.011882165995445, 37.588457565877128 ], [ 127.011450971293172, 37.586733633559248 ], [ 127.010223613188984, 37.585272230467488 ], [ 127.008386967463665, 37.584295821428199 ], [ 127.006220625100667, 37.583953035331064 ], [ 127.004054339794649, 37.584296049753036 ], [ 127.002217856564286, 37.585272652371529 ], [ 127.000990741680354, 37.586734184832352 ], [ 127.000559833921088, 37.588458162607751 ], [ 127.000990787383159, 37.5901821342174 ], [ 127.002218045611301, 37.591643632099668 ], [ 127.004054791330745, 37.592620135901207 ], [ 127.006221374982829, 37.592962961221914 ], [ 127.008387901529062, 37.592619907508166 ], [ 127.010224484635444, 37.591643210099164 ], [ 127.011451499525279, 37.590181582876077 ], [ 127.011882165995445, 37.588457565877128 ] ] ] } },
{ "type": "Feature", "properties": { "station_id": "ST297", "station_name": "한성백제", "SWST_NM": "한성백제", "hoseon": "9호선" }, "geometry": { "type": "Polygon", "coordinates": [ [ [ 127.122158706035776, 37.516398286063158 ], [ 127.12172539092326, 37.51467473839628 ], [ 127.120497066491183, 37.513214465041784 ], [ 127.118660755331689, 37.512239758833381 ], [ 127.116495997344714, 37.511898989528177 ], [ 127.114332305110594, 37.512244027818028 ], [ 127.112499029156396, 37.513222353373457 ], [ 127.111275247777357, 37.514685045539174 ], [ 127.110847292404998, 37.516409443124836 ], [ 127.111280367569222, 37.51813303058465 ], [ 127.112508593524808, 37.519593398731615 ], [ 127.114345005365834, 37.520568199203929 ], [ 127.11651000421449, 37.520909007025921 ], [ 127.118673936396931, 37.52056392894314 ], [ 127.12050731082762, 37.51958550859522 ], [ 127.121730991525098, 37.518122722165621 ], [ 127.122158706035776, 37.516398286063158 ] ] ] } },
{ "type": "Feature", "properties": { "station_id": "ST298", "station_name": "한양대", "SWST_NM": "한양대", "hoseon": "2호선" }, "geometry": { "type": "Polygon", "coordinates": [ [ [ 127.049313652811861, 37.555270772231253 ], [ 127.048881787477342, 37.553546967313729 ], [ 127.047654243439069, 37.552085945236264 ], [ 127.045817924672235, 37.551110112825555 ], [ 127.043652372342521, 37.550768011227916 ], [ 127.041487219923056, 37.551111713866192 ], [ 127.039652040078437, 37.552088903677294 ], [ 127.038426200763098, 37.55355083290597 ], [ 127.037996346603009, 37.555274956577065 ], [ 127.038427971239955, 37.556998800944228 ], [ 127.039655415920805, 37.558459917783132 ], [ 127.041491834872573, 37.559435844757097 ], [ 127.043657628242613, 37.559777985325951 ], [ 127.045823021359695, 37.55943424323803 ], [ 127.047658300561736, 37.558456958665502 ], [ 127.048884039692126, 37.556994934873551 ], [ 127.049313652811861, 37.555270772231253 ] ] ] } },
{ "type": "Feature", "properties": { "station_id": "ST299", "station_name": "한티", "SWST_NM": "한티", "hoseon": "수인분당선" }, "geometry": { "type": "Polygon", "coordinates": [ [ [ 127.058527194559247, 37.496234334116181 ], [ 127.05809545919081, 37.49451054551087 ], [ 127.056868703927506, 37.493049603928426 ], [ 127.055033712579061, 37.492073903980291 ], [ 127.052869824268086, 37.491731966694914 ], [ 127.05070641928026, 37.492075840509173 ], [ 127.048872804409456, 37.493053182292712 ], [ 127.04764810943874, 37.494515221114511 ], [ 127.047218804733674, 37.496239395266436 ], [ 127.047650300142138, 37.497963223287812 ], [ 127.04887695642492, 37.499424259450095 ], [ 127.050712047753819, 37.50040005373824 ], [ 127.052876176438986, 37.500742029860689 ], [ 127.055039821386814, 37.500398116630357 ], [ 127.056873535238111, 37.499420680266979 ], [ 127.058098130228387, 37.497958547105178 ], [ 127.058527194559247, 37.496234334116181 ] ] ] } },
{ "type": "Feature", "properties": { "station_id": "ST300", "station_name": "합정", "SWST_NM": "합정", "hoseon": "2호선, 6호선" }, "geometry": { "type": "Polygon", "coordinates": [ [ [ 126.909361198428869, 37.552391502990339 ], [ 126.911637783845137, 37.553617463796968 ], [ 126.912698984722368, 37.553874612909908 ], [ 126.914906838545718, 37.553876224698598 ], [ 126.916947376135539, 37.553205012271164 ], [ 126.918509904048776, 37.551963177264959 ], [ 126.919356541394137, 37.550339800013226 ], [ 126.919358435140211, 37.548582040764565 ], [ 126.918515353480785, 37.546957502534674 ], [ 126.917812455557296, 37.546274344187047 ], [ 126.9165136996575, 37.545465502555238 ], [ 126.914474906264047, 37.544791377192226 ], [ 126.912267320418366, 37.544789757661 ], [ 126.910226970570122, 37.545460890409139 ], [ 126.90866444140697, 37.54670261717672 ], [ 126.907817613626307, 37.548325918520938 ], [ 126.907815448881578, 37.550083677310617 ], [ 126.9086583332342, 37.551708290822127 ], [ 126.909361198428869, 37.552391502990339 ] ] ] } },
{ "type": "Feature", "properties": { "station_id": "ST301", "station_name": "행당", "SWST_NM": "행당", "hoseon": "3호선" }, "geometry": { "type": "Polygon", "coordinates": [ [ [ 127.035134808744019, 37.55732045168677 ], [ 127.034703258096044, 37.555596595337434 ], [ 127.033475957073065, 37.554135426234872 ], [ 127.03163977268477, 37.553159373594433 ], [ 127.029474225665822, 37.552817012081896 ], [ 127.027308948687505, 37.553160454672309 ], [ 127.025473533360113, 37.554137423876334 ], [ 127.024247383456824, 37.555599205518703 ], [ 127.023817190860854, 37.557323277101439 ], [ 127.024248500731048, 37.559047172825657 ], [ 127.025475702252052, 37.560508436664591 ], [ 127.027311986701108, 37.561484583907578 ], [ 127.029477774729315, 37.561826984471971 ], [ 127.031643292485413, 37.561483502506654 ], [ 127.033478807314779, 37.560506438566279 ], [ 127.034704857157308, 37.559044562321354 ], [ 127.035134808744019, 37.55732045168677 ] ] ] } },
{ "type": "Feature", "properties": { "station_id": "ST302", "station_name": "혜화", "SWST_NM": "혜화", "hoseon": "4호선" }, "geometry": { "type": "Polygon", "coordinates": [ [ [ 127.007504702453787, 37.582335775844378 ], [ 127.007073644028978, 37.58061182572775 ], [ 127.005846472000442, 37.579150375584248 ], [ 127.004010033823079, 37.578173897410153 ], [ 127.001843888898591, 37.577831030622669 ], [ 126.99967776088296, 37.57817396507982 ], [ 126.997841370860968, 37.579150500625865 ], [ 126.996614270910726, 37.580611989111063 ], [ 126.996183297521483, 37.582335952700134 ], [ 126.996614114761854, 37.584059942075825 ], [ 126.997841186903031, 37.585521486978863 ], [ 126.999677725002769, 37.586498059904144 ], [ 127.001844111126147, 37.586840965930485 ], [ 127.004010480326187, 37.586497992214277 ], [ 127.005846970235552, 37.585521361908661 ], [ 127.007073970263434, 37.584059778672298 ], [ 127.007504702453787, 37.582335775844378 ] ] ] } },
{ "type": "Feature", "properties": { "station_id": "ST303", "station_name": "홍대입구", "SWST_NM": "홍대입구", "hoseon": "2호선, 경의중앙선, 공항철도" }, "geometry": { "type": "Polygon", "coordinates": [ [ [ 126.926626173706481, 37.552936603969101 ], [ 126.925354952682611, 37.552480048107206 ], [ 126.923712592375935, 37.552285015081353 ], [ 126.92260859916243, 37.55237085875445 ], [ 126.921044668800704, 37.552815204671717 ], [ 126.919710067273044, 37.553601841986733 ], [ 126.918719722289666, 37.55466303533921 ], [ 126.91829432836181, 37.555478649269602 ], [ 126.918049236079057, 37.556786207966383 ], [ 126.918291472609027, 37.558094104115305 ], [ 126.918715108893139, 37.558910303587076 ], [ 126.920114400319207, 37.560270023586632 ], [ 126.921538120508288, 37.560950640971583 ], [ 126.923360431335368, 37.561281345763575 ], [ 126.924513261083874, 37.56180169519866 ], [ 126.926678585585009, 37.562145981127365 ], [ 126.928844582353918, 37.561804385035238 ], [ 126.930681445722442, 37.560828920247715 ], [ 126.931909508116007, 37.559368112928404 ], [ 126.932232300883186, 37.558523194545081 ], [ 126.932373814314502, 37.557441376759975 ], [ 126.931944630562498, 37.55571714644941 ], [ 126.930719335038035, 37.554254910642115 ], [ 126.928884489643039, 37.553277261000112 ], [ 126.927823241371314, 37.553020257278099 ], [ 126.926626173706481, 37.552936603969101 ] ] ] } },
{ "type": "Feature", "properties": { "station_id": "ST304", "station_name": "홍제", "SWST_NM": "홍제", "hoseon": "3호선" }, "geometry": { "type": "Polygon", "coordinates": [ [ [ 126.949397209761173, 37.589068562753312 ], [ 126.948967452841401, 37.587344403141991 ], [ 126.947741306840385, 37.585882351187372 ], [ 126.945905463136356, 37.584904970529635 ], [ 126.943739390740163, 37.584561037947381 ], [ 126.941572802298197, 37.584902905485151 ], [ 126.939735488924214, 37.585878535348996 ], [ 126.938507143141649, 37.587339417247428 ], [ 126.93807479099398, 37.589063165726081 ], [ 126.938504306421137, 37.590787364287387 ], [ 126.939730351950274, 37.592249510892479 ], [ 126.941566295058252, 37.593226986456202 ], [ 126.943732608504703, 37.593570958605326 ], [ 126.945899438439298, 37.593229052117572 ], [ 126.947736852285146, 37.592253327603252 ], [ 126.948965098663777, 37.590792350798829 ], [ 126.949397209761173, 37.589068562753312 ] ] ] } },
{ "type": "Feature", "properties": { "station_id": "ST305", "station_name": "화계", "SWST_NM": "화계", "hoseon": "우이신설선" }, "geometry": { "type": "Polygon", "coordinates": [ [ [ 127.023175628971529, 37.634132023312006 ], [ 127.022743909347014, 37.632408145788652 ], [ 127.021515579170028, 37.630946871753636 ], [ 127.019677662236248, 37.629970646346052 ], [ 127.017509942986891, 37.629628070470815 ], [ 127.015342384607166, 37.62997128969991 ], [ 127.013504925821223, 37.630948060558218 ], [ 127.012277281393608, 37.632409699118099 ], [ 127.011846370793023, 37.634133704727653 ], [ 127.012277848676518, 37.635857621669714 ], [ 127.01350607885901, 37.637318990677791 ], [ 127.015344096120231, 37.63829531097889 ], [ 127.017512057248524, 37.638637926080712 ], [ 127.019679857369297, 37.638294667432923 ], [ 127.021517416149706, 37.63731780160154 ], [ 127.022744960249881, 37.635856068148158 ], [ 127.023175628971529, 37.634132023312006 ] ] ] } },
{ "type": "Feature", "properties": { "station_id": "ST306", "station_name": "화곡", "SWST_NM": "화곡", "hoseon": "5호선" }, "geometry": { "type": "Polygon", "coordinates": [ [ [ 126.846118593734033, 37.541520508025279 ], [ 126.845691487923858, 37.539795963624748 ], [ 126.844468139597069, 37.538332832693371 ], [ 126.842634814372047, 37.537353843222249 ], [ 126.840470598107117, 37.537008016902178 ], [ 126.838304921080578, 37.537347993974329 ], [ 126.83646743568724, 37.538322024313615 ], [ 126.835237860478273, 37.539781841055159 ], [ 126.834803408403261, 37.541505220920079 ], [ 126.835230272885681, 37.543229803636677 ], [ 126.836453519999282, 37.544693028819388 ], [ 126.838286943414928, 37.545672113265901 ], [ 126.840451399755651, 37.546017979650166 ], [ 126.84261731810993, 37.545677964261941 ], [ 126.844454904716471, 37.544703839671328 ], [ 126.845684381734785, 37.543243927954393 ], [ 126.846118593734033, 37.541520508025279 ] ] ] } },
{ "type": "Feature", "properties": { "station_id": "ST307", "station_name": "화랑대(서울여대입구)", "SWST_NM": "화랑대(서울여대입구)", "hoseon": "6호선" }, "geometry": { "type": "Polygon", "coordinates": [ [ [ 127.090352554971062, 37.620059799433889 ], [ 127.089919366300563, 37.6183361651794 ], [ 127.088689954334995, 37.616875588098793 ], [ 127.086851507409051, 37.615900407203682 ], [ 127.084683890527302, 37.615559064425135 ], [ 127.082517051269818, 37.615903517691535 ], [ 127.080680818974841, 37.616881335732259 ], [ 127.079454721838275, 37.618343675218121 ], [ 127.079025443890927, 37.620067928743921 ], [ 127.079458391253908, 37.621791602765263 ], [ 127.080687703933265, 37.623252274922656 ], [ 127.082526251754814, 37.624227550509794 ], [ 127.084694110610698, 37.62456893212628 ], [ 127.086861191175728, 37.62422443909302 ], [ 127.088697522756902, 37.623246525975517 ], [ 127.089923518997878, 37.621784091797643 ], [ 127.090352554971062, 37.620059799433889 ] ] ] } },
{ "type": "Feature", "properties": { "station_id": "ST308", "station_name": "회기", "SWST_NM": "회기", "hoseon": "1호선" }, "geometry": { "type": "Polygon", "coordinates": [ [ [ 127.063244238709515, 37.589457102438303 ], [ 127.062811853858946, 37.587733358935807 ], [ 127.061583475833757, 37.586272490889506 ], [ 127.059746135583907, 37.585296881643991 ], [ 127.057579529721252, 37.584955038352149 ], [ 127.055413452009574, 37.585298995118158 ], [ 127.053577615904572, 37.586276396217393 ], [ 127.052351489262534, 37.587738461760161 ], [ 127.051921760517615, 37.58946262603726 ], [ 127.052353904318437, 37.591186409114421 ], [ 127.053582182950265, 37.592647372071049 ], [ 127.055419623686433, 37.593623075965382 ], [ 127.057586471051579, 37.59396495820053 ], [ 127.059752789813018, 37.59362096185987 ], [ 127.061588725311381, 37.592643465850308 ], [ 127.062814751467073, 37.591181305658715 ], [ 127.063244238709515, 37.589457102438303 ] ] ] } },
{ "type": "Feature", "properties": { "station_id": "ST309", "station_name": "회현(남대문시장)", "SWST_NM": "회현(남대문시장)", "hoseon": "4호선" }, "geometry": { "type": "Polygon", "coordinates": [ [ [ 126.983904899573076, 37.558514907028425 ], [ 126.983474522215303, 37.556790863882178 ], [ 126.982248201929721, 37.555329162678632 ], [ 126.980412656524138, 37.554352313664985 ], [ 126.978247309557815, 37.554009012721551 ], [ 126.976081763286402, 37.55435151578196 ], [ 126.974245650270845, 37.555327688331353 ], [ 126.973018480394614, 37.556788937453575 ], [ 126.972587100718542, 37.55851282174811 ], [ 126.973017237083141, 37.56023690399023 ], [ 126.974243457375238, 37.561698699817981 ], [ 126.976079102361908, 37.562675643554563 ], [ 126.978244690150561, 37.563018983832308 ], [ 126.980410477415163, 37.562676441676018 ], [ 126.982246690424162, 37.561700174502427 ], [ 126.983473760719349, 37.560238830657248 ], [ 126.983904899573076, 37.558514907028425 ] ] ] } },
{ "type": "Feature", "properties": { "station_id": "ST310", "station_name": "효창공원앞", "SWST_NM": "효창공원앞", "hoseon": "6호선, 경의중앙선" }, "geometry": { "type": "Polygon", "coordinates": [ [ [ 126.959545270400127, 37.534605059826006 ], [ 126.957012379708928, 37.536373546914035 ], [ 126.956395819214336, 37.537107620671229 ], [ 126.955970935588439, 37.53792337314124 ], [ 126.955726559163253, 37.539231014472996 ], [ 126.955969397671097, 37.540538837674823 ], [ 126.956393345845612, 37.541354904630715 ], [ 126.957792994468988, 37.542714182429144 ], [ 126.959216724065683, 37.543394347533727 ], [ 126.960277943993106, 37.543651069506588 ], [ 126.962485498276322, 37.543651791458863 ], [ 126.964525331292549, 37.542979755196022 ], [ 126.966581947622387, 37.54143825977016 ], [ 126.967623221143185, 37.539888340803302 ], [ 126.967840339743006, 37.538139100205747 ], [ 126.96720030445546, 37.53645684837339 ], [ 126.965800601838524, 37.535097680602028 ], [ 126.963854335012897, 37.534268496105526 ], [ 126.961657774158468, 37.53409551222996 ], [ 126.959545270400127, 37.534605059826006 ] ] ] } },
{ "type": "Feature", "properties": { "station_id": "ST311", "station_name": "흑석(중앙대입구)", "SWST_NM": "흑석(중앙대입구)", "hoseon": "9호선" }, "geometry": { "type": "Polygon", "coordinates": [ [ [ 126.969363141626559, 37.508771602107373 ], [ 126.968933384049905, 37.507047491658433 ], [ 126.967708161144671, 37.505585627577695 ], [ 126.965874023629084, 37.504608544953065 ], [ 126.963710180806828, 37.504264975259808 ], [ 126.961546006081747, 37.5046072153444 ], [ 126.959710923325218, 37.505583170695068 ], [ 126.958484285596512, 37.507044281418132 ], [ 126.958052858858991, 37.508768127153196 ], [ 126.958482375977326, 37.510492276547801 ], [ 126.95970749899702, 37.511954235049188 ], [ 126.961541735711435, 37.512931412259121 ], [ 126.963705818707581, 37.513275021295534 ], [ 126.96587023389101, 37.512932742265271 ], [ 126.967705416533079, 37.511956692493946 ], [ 126.968931955062956, 37.510495487185601 ], [ 126.969363141626559, 37.508771602107373 ] ] ] } }
]
}
